Osoba,OS,Przegladarka,Konfiguracja,Plik,Fingerprint_ID,Trust_Score,Trust_Grade,Lies_Count,Trash_Count,Errors_Count,Headless_Rating,Stealth_Rating,Like_Headless_Rating,Engine,Trust_Note,Canvas2D_Hash,WebGL_Hash,Audio_Hash,Fonts_Hash,Navigator_Hash,Screen_Hash,Timezone_Hash,Worker_Hash,WebRTC_Hash,Status_Hash,User_Agent,Platform,System,Resistance,WebGL_Renderer,GPU_Compressed,GPU_Confidence,GPU_Grade,Lie_Keys,Client_Rects_Lied,Screen_Width,Screen_Height,Screen_Resolution,Color_Depth,Touch_Support,Screen_Lied,Device_Memory,Hardware_Concurrency,Language,Max_Touch_Points,Do_Not_Track,Navigator_Lied,Fonts_Count,Fonts_List,Timezone_Zone,Timezone_Location,Timezone_Offset,Prefers_Color_Scheme,Prefers_Reduced_Motion,Device_Screen_CSS,Color_Gamut,Audio_Sample_Sum,Audio_Unique_Samples,Audio_Noise,WebGL_Extensions_Count,WebGL_Lied,Exported_At
Bartek,Windows,Chrome,Czyste_13_04_2026,Bartek_Windows_Chrome_Czyste_13_04_2026.json,614eb31ee37d08b129cd3dd049766090b899bc97ed9b4cdc279ea0c3a96cb861,80,B,1,1,0,0,0,25,Blink,1 lie(s) detected | engine: Blink | headless: 0 | stealth: 0,56f3bb9ed2435f740062265d51de7b36e2b339600f68033d5f31692feefb61b5,3f923c9d6cc34cdf6d9952a6a591064f86600ff39847d4219f7776232ffda902,37d44314e7849d79b34c77ff13bd333be3a4c072a045d8bc17da73811df11d14,187af17029997cfbcaea867d984d9bede468688fd1779d8545744720f4f873f1,523d90999cb8e4186756376bbcba0398ec1da9e21498eb8b27157dbdfaa0b007,e887ed2d4f27d09db52c93a95c54da7a8e37affb5d0e5979336b3656b3ef0daa,471f67d368ac465b154945691992556652cef3000398826112e85b6a15f8fbdb,23f8489428ae7b405c945478874c545cf517d240bf75913540e564b8583c57b9,,,"Mozilla/5.0 (Windows NT 10.0; Win64; x64) AppleWebKit/537.36 (KHTML, like Gecko) Chrome/147.0.0.0 Safari/537.36",Win32,Windows,Blink,"ANGLE (AMD, AMD Radeon(TM) Graphics (0x0000164C) Direct3D11 vs_5_0 ps_5_0, D3D11)","AMD, AMD Radeon(TM) Graphics (0x0000164C)",moderate,C,Element.getClientRects,True,1707,1067,1707x1067,32,False,False,16,12,"en-US, en (en-US)",0,,False,17,"""Cambria Math"", ""DejaVu Sans"", ""Gentium Book Basic"", ""Ink Free"", ""Javanese Text"", ""Leelawadee UI"", ""Liberation Mono"", ""Lucida Console"", ""MS Outlook"", ""Myanmar Text"", ""Nirmala UI"", ""Segoe Fluent Icons"", ""Segoe MDL2 Assets"", ""Segoe UI Emoji"", Bahnschrift, Gadugi, OpenSymbol",Central European Summer Time,"Europe, Warsaw",-120,light,no-preference,1707 x 1067,srgb,124.04347527516074,4736,0.0,67,False,2026-04-13T14:37:43.498Z
Bartek,Windows,Chrome,Incognito_13_04_2026,Bartek_Windows_Chrome_Incognito_13_04_2026.json,614eb31ee37d08b129cd3dd049766090b899bc97ed9b4cdc279ea0c3a96cb861,80,B,1,1,0,0,0,25,Blink,1 lie(s) detected | engine: Blink | headless: 0 | stealth: 0,56f3bb9ed2435f740062265d51de7b36e2b339600f68033d5f31692feefb61b5,3f923c9d6cc34cdf6d9952a6a591064f86600ff39847d4219f7776232ffda902,37d44314e7849d79b34c77ff13bd333be3a4c072a045d8bc17da73811df11d14,187af17029997cfbcaea867d984d9bede468688fd1779d8545744720f4f873f1,0dcf064a652097161ec0c94d8e10fceb625adc7dfc5ae98a5c1828bbadd01a64,e887ed2d4f27d09db52c93a95c54da7a8e37affb5d0e5979336b3656b3ef0daa,471f67d368ac465b154945691992556652cef3000398826112e85b6a15f8fbdb,fb01d309deb42b82319a7a8de2a14e363a96fd7f8ddbfef2f7378fb60ded4d26,,,"Mozilla/5.0 (Windows NT 10.0; Win64; x64) AppleWebKit/537.36 (KHTML, like Gecko) Chrome/147.0.0.0 Safari/537.36",Win32,Windows,Blink,"ANGLE (AMD, AMD Radeon(TM) Graphics (0x0000164C) Direct3D11 vs_5_0 ps_5_0, D3D11)","AMD, AMD Radeon(TM) Graphics (0x0000164C)",moderate,C,Element.getClientRects,True,1707,1067,1707x1067,32,False,False,16,12,en-US (en-US),0,,False,17,"""Cambria Math"", ""DejaVu Sans"", ""Gentium Book Basic"", ""Ink Free"", ""Javanese Text"", ""Leelawadee UI"", ""Liberation Mono"", ""Lucida Console"", ""MS Outlook"", ""Myanmar Text"", ""Nirmala UI"", ""Segoe Fluent Icons"", ""Segoe MDL2 Assets"", ""Segoe UI Emoji"", Bahnschrift, Gadugi, OpenSymbol",Central European Summer Time,"Europe, Warsaw",-120,light,no-preference,1707 x 1067,srgb,124.04347527516074,4736,0.0,67,False,2026-04-13T14:38:10.288Z
Bartek,Windows,Edge,Balanced_09_04_2026,Bartek_Windows_Edge_Balanced_09_04_2026.json,0608925c4c52775da09c600b7644e0954a4742d35459320290c8f02370f94dbc,85,B,1,0,0,0,0,25,Blink,1 lie(s) detected | engine: Blink | headless: 0 | stealth: 0,56f3bb9ed2435f740062265d51de7b36e2b339600f68033d5f31692feefb61b5,3f923c9d6cc34cdf6d9952a6a591064f86600ff39847d4219f7776232ffda902,37d44314e7849d79b34c77ff13bd333be3a4c072a045d8bc17da73811df11d14,187af17029997cfbcaea867d984d9bede468688fd1779d8545744720f4f873f1,21653b181e26e3b9c72414cbc6b2439e841a752523ae2b678896db09f2c9849a,e887ed2d4f27d09db52c93a95c54da7a8e37affb5d0e5979336b3656b3ef0daa,3968d3fced8017a097784fe14b56e303eefd68adcb352b2497695331bcb3a203,e07c478bcbfbcca556e1be12d3a5c4906c251940a35bcb6a3c1d1bace623259b,Brak,Brak,"Mozilla/5.0 (Windows NT 10.0; Win64; x64) AppleWebKit/537.36 (KHTML, like Gecko) Chrome/146.0.0.0 Safari/537.36 Edg/146.0.0.0",Win32,Windows,Blink,"ANGLE (AMD, AMD Radeon(TM) Graphics (0x0000164C) Direct3D11 vs_5_0 ps_5_0, D3D11)","AMD, AMD Radeon(TM) Graphics (0x0000164C)",moderate,C,Element.getClientRects,True,1707,1067,1707x1067,32,False,False,8,12,"pl, en, en-GB, en-US (pl)",0,,False,17,"""Cambria Math"", ""DejaVu Sans"", ""Gentium Book Basic"", ""Ink Free"", ""Javanese Text"", ""Leelawadee UI"", ""Liberation Mono"", ""Lucida Console"", ""MS Outlook"", ""Myanmar Text"", ""Nirmala UI"", ""Segoe Fluent Icons"", ""Segoe MDL2 Assets"", ""Segoe UI Emoji"", Bahnschrift, Gadugi, OpenSymbol",czas środkowoeuropejski letni,"Europe, Warsaw",-120,light,no-preference,1707 x 1067,srgb,124.04347527516074,4736,0.0,67,False,2026-04-09T11:29:30.271Z
Bartek,Windows,Edge,Basic_09_04_2026,Bartek_Windows_Edge_Basic_09_04_2026.json,0608925c4c52775da09c600b7644e0954a4742d35459320290c8f02370f94dbc,85,B,1,0,0,0,0,25,Blink,1 lie(s) detected | engine: Blink | headless: 0 | stealth: 0,56f3bb9ed2435f740062265d51de7b36e2b339600f68033d5f31692feefb61b5,3f923c9d6cc34cdf6d9952a6a591064f86600ff39847d4219f7776232ffda902,37d44314e7849d79b34c77ff13bd333be3a4c072a045d8bc17da73811df11d14,187af17029997cfbcaea867d984d9bede468688fd1779d8545744720f4f873f1,21653b181e26e3b9c72414cbc6b2439e841a752523ae2b678896db09f2c9849a,e887ed2d4f27d09db52c93a95c54da7a8e37affb5d0e5979336b3656b3ef0daa,3968d3fced8017a097784fe14b56e303eefd68adcb352b2497695331bcb3a203,e07c478bcbfbcca556e1be12d3a5c4906c251940a35bcb6a3c1d1bace623259b,Brak,Brak,"Mozilla/5.0 (Windows NT 10.0; Win64; x64) AppleWebKit/537.36 (KHTML, like Gecko) Chrome/146.0.0.0 Safari/537.36 Edg/146.0.0.0",Win32,Windows,Blink,"ANGLE (AMD, AMD Radeon(TM) Graphics (0x0000164C) Direct3D11 vs_5_0 ps_5_0, D3D11)","AMD, AMD Radeon(TM) Graphics (0x0000164C)",moderate,C,Element.getClientRects,True,1707,1067,1707x1067,32,False,False,8,12,"pl, en, en-GB, en-US (pl)",0,,False,17,"""Cambria Math"", ""DejaVu Sans"", ""Gentium Book Basic"", ""Ink Free"", ""Javanese Text"", ""Leelawadee UI"", ""Liberation Mono"", ""Lucida Console"", ""MS Outlook"", ""Myanmar Text"", ""Nirmala UI"", ""Segoe Fluent Icons"", ""Segoe MDL2 Assets"", ""Segoe UI Emoji"", Bahnschrift, Gadugi, OpenSymbol",czas środkowoeuropejski letni,"Europe, Warsaw",-120,light,no-preference,1707 x 1067,srgb,124.04347527516074,4736,0.0,67,False,2026-04-09T11:24:39.643Z
Bartek,Windows,Edge,CanvasBlocker_14_04_2026,Bartek_Windows_Edge_CanvasBlocker_14_04_2026.json,998bdfee503c5136198c38740f100b009d0eab896ce0dd009a5cd879628e0f49,0,F,10,0,0,0,0,25,Blink,10 lie(s) detected | engine: Blink | headless: 0 | stealth: 0,00009875c0e23908cfb473005e8f808a3409cf63e420ab9aedff4adf41c4d3b3,14cce25e8e62d77cd37e523778f256ef1b17ae4f21eb9505b422274e8879b329,37d44314e7849d79b34c77ff13bd333be3a4c072a045d8bc17da73811df11d14,187af17029997cfbcaea867d984d9bede468688fd1779d8545744720f4f873f1,21653b181e26e3b9c72414cbc6b2439e841a752523ae2b678896db09f2c9849a,e887ed2d4f27d09db52c93a95c54da7a8e37affb5d0e5979336b3656b3ef0daa,3968d3fced8017a097784fe14b56e303eefd68adcb352b2497695331bcb3a203,e07c478bcbfbcca556e1be12d3a5c4906c251940a35bcb6a3c1d1bace623259b,,,"Mozilla/5.0 (Windows NT 10.0; Win64; x64) AppleWebKit/537.36 (KHTML, like Gecko) Chrome/146.0.0.0 Safari/537.36 Edg/146.0.0.0",Win32,Windows,Blink,"ANGLE (AMD, AMD Radeon(TM) Graphics (0x0000164C) Direct3D11 vs_5_0 ps_5_0, D3D11)","AMD, AMD Radeon(TM) Graphics (0x0000164C)",moderate,C,"CanvasRenderingContext2D.getImageData, HTMLCanvasElement.getContext, HTMLCanvasElement.toBlob, HTMLCanvasElement.toDataURL, Element.getClientRects",True,1707,1067,1707x1067,32,False,False,8,12,"pl, en, en-GB, en-US (pl)",0,,False,17,"""Cambria Math"", ""DejaVu Sans"", ""Gentium Book Basic"", ""Ink Free"", ""Javanese Text"", ""Leelawadee UI"", ""Liberation Mono"", ""Lucida Console"", ""MS Outlook"", ""Myanmar Text"", ""Nirmala UI"", ""Segoe Fluent Icons"", ""Segoe MDL2 Assets"", ""Segoe UI Emoji"", Bahnschrift, Gadugi, OpenSymbol",czas środkowoeuropejski letni,"Europe, Warsaw",-120,light,no-preference,1707 x 1067,srgb,124.04347527516074,4736,0.0,67,1,2026-04-14T09:08:50.112Z
Bartek,Windows,Edge,Incognito_14_04_2026,Bartek_Windows_Edge_Incognito_14_04_2026.json,0608925c4c52775da09c600b7644e0954a4742d35459320290c8f02370f94dbc,85,B,1,0,0,0,0,25,Blink,1 lie(s) detected | engine: Blink | headless: 0 | stealth: 0,56f3bb9ed2435f740062265d51de7b36e2b339600f68033d5f31692feefb61b5,3f923c9d6cc34cdf6d9952a6a591064f86600ff39847d4219f7776232ffda902,37d44314e7849d79b34c77ff13bd333be3a4c072a045d8bc17da73811df11d14,187af17029997cfbcaea867d984d9bede468688fd1779d8545744720f4f873f1,f1e8b84b9c4ff2f0519e69e76246213057821d7ca34bb5ab540b820043bd4393,e887ed2d4f27d09db52c93a95c54da7a8e37affb5d0e5979336b3656b3ef0daa,3968d3fced8017a097784fe14b56e303eefd68adcb352b2497695331bcb3a203,282f405df712695c22ffd6faf57838e4af0100bb67f866854dd7080a3fdd86f8,,,"Mozilla/5.0 (Windows NT 10.0; Win64; x64) AppleWebKit/537.36 (KHTML, like Gecko) Chrome/146.0.0.0 Safari/537.36 Edg/146.0.0.0",Win32,Windows,Blink,"ANGLE (AMD, AMD Radeon(TM) Graphics (0x0000164C) Direct3D11 vs_5_0 ps_5_0, D3D11)","AMD, AMD Radeon(TM) Graphics (0x0000164C)",moderate,C,Element.getClientRects,True,1707,1067,1707x1067,32,False,False,8,12,pl (pl),0,,False,17,"""Cambria Math"", ""DejaVu Sans"", ""Gentium Book Basic"", ""Ink Free"", ""Javanese Text"", ""Leelawadee UI"", ""Liberation Mono"", ""Lucida Console"", ""MS Outlook"", ""Myanmar Text"", ""Nirmala UI"", ""Segoe Fluent Icons"", ""Segoe MDL2 Assets"", ""Segoe UI Emoji"", Bahnschrift, Gadugi, OpenSymbol",czas środkowoeuropejski letni,"Europe, Warsaw",-120,light,no-preference,1707 x 1067,srgb,124.04347527516074,4736,0.0,67,False,2026-04-14T09:29:57.658Z
Bartek,Windows,Edge,Strict_09_04_2026,Bartek_Windows_Edge_Strict_09_04_2026.json,0608925c4c52775da09c600b7644e0954a4742d35459320290c8f02370f94dbc,85,B,1,0,0,0,0,25,Blink,1 lie(s) detected | engine: Blink | headless: 0 | stealth: 0,56f3bb9ed2435f740062265d51de7b36e2b339600f68033d5f31692feefb61b5,3f923c9d6cc34cdf6d9952a6a591064f86600ff39847d4219f7776232ffda902,37d44314e7849d79b34c77ff13bd333be3a4c072a045d8bc17da73811df11d14,187af17029997cfbcaea867d984d9bede468688fd1779d8545744720f4f873f1,21653b181e26e3b9c72414cbc6b2439e841a752523ae2b678896db09f2c9849a,e887ed2d4f27d09db52c93a95c54da7a8e37affb5d0e5979336b3656b3ef0daa,3968d3fced8017a097784fe14b56e303eefd68adcb352b2497695331bcb3a203,e07c478bcbfbcca556e1be12d3a5c4906c251940a35bcb6a3c1d1bace623259b,Brak,Brak,"Mozilla/5.0 (Windows NT 10.0; Win64; x64) AppleWebKit/537.36 (KHTML, like Gecko) Chrome/146.0.0.0 Safari/537.36 Edg/146.0.0.0",Win32,Windows,Blink,"ANGLE (AMD, AMD Radeon(TM) Graphics (0x0000164C) Direct3D11 vs_5_0 ps_5_0, D3D11)","AMD, AMD Radeon(TM) Graphics (0x0000164C)",moderate,C,Element.getClientRects,True,1707,1067,1707x1067,32,False,False,8,12,"pl, en, en-GB, en-US (pl)",0,,False,17,"""Cambria Math"", ""DejaVu Sans"", ""Gentium Book Basic"", ""Ink Free"", ""Javanese Text"", ""Leelawadee UI"", ""Liberation Mono"", ""Lucida Console"", ""MS Outlook"", ""Myanmar Text"", ""Nirmala UI"", ""Segoe Fluent Icons"", ""Segoe MDL2 Assets"", ""Segoe UI Emoji"", Bahnschrift, Gadugi, OpenSymbol",czas środkowoeuropejski letni,"Europe, Warsaw",-120,light,no-preference,1707 x 1067,srgb,124.04347527516074,4736,0.0,67,False,2026-04-09T11:27:10.989Z
Kuba,Tails,Tor,Standard_Test1_09_04_2026,Kuba_Tails_Tor_Standard_Test1_09_04_2026.json,9bd0e59d041d6b497454722817259c7456d268004c0a6b8469e784f183f3dc62,72,C,1,3,0,0,0,19,Gecko,1 lie(s) detected | engine: Gecko | headless: 0 | stealth: 0,9f143a37822e738e0a76f6e8d36b910763207e41d0d877f22f3197930b86e085,f196e604a4235bd1eb5f80d2151eab37e6dd5d82cb1ade8beeaa161ec7aa8549,17546399fdb9d152ab87e7b9175d8bcf7441e6380de8b4ec71c988da8d632087,7fd6106614412ea6433f0b8bc845ed166ddae7e9054682ce4615840f1f267660,a7d96ad688699103dbd8ad6444d65dc48de34608f7be65a62ac5178c7dd027b1,79096ac58a19c4a2e4c1832245bf5c45cfbf304b390a143219366889fab7ebbb,6a8690b1324fecdb203110e815523432c64b4c021d5c7e73b2ff2f94e5174073,06810567dfcdefa14de7144e037e283bae47f7bb71fd609c1c0740d796cac1b7,,,Mozilla/5.0 (X11; Linux x86_64; rv:140.0) Gecko/20100101 Firefox/140.0,Linux x86_64,Linux,Gecko,Mozilla,Mozilla,low,F,CanvasRenderingContext2D.getImageData,False,1400,800,1400x800,24,False,False,0,4,"en-US, en (en-US)",0,unspecified,False,0,Brak,Greenwich Mean Time,"Atlantic, Reykjavik",0,light,no-preference,Brak,srgb,35.749972093850374,4736,0.0,42,False,2026-04-09T11:53:08.351Z
Kuba,Tails,Tor,Standard_Test2_09_04_2026,Kuba_Tails_Tor_Standard_Test2_09_04_2026.json,9bd0e59d041d6b497454722817259c7456d268004c0a6b8469e784f183f3dc62,72,C,1,3,0,0,0,19,Gecko,1 lie(s) detected | engine: Gecko | headless: 0 | stealth: 0,427d50a2325242a57168cf9f4edd3be1969e24762419c5221a72fc7333f1f294,338dd35df220dcb62439f5d0f0ee6d92cf2677804e3940b4d868b48a6e40f840,17546399fdb9d152ab87e7b9175d8bcf7441e6380de8b4ec71c988da8d632087,7fd6106614412ea6433f0b8bc845ed166ddae7e9054682ce4615840f1f267660,a7d96ad688699103dbd8ad6444d65dc48de34608f7be65a62ac5178c7dd027b1,b5676d7f8c4b02aee44b645b31801ae81d5f1f48c05675beae3bba3e65dd4a4e,6a8690b1324fecdb203110e815523432c64b4c021d5c7e73b2ff2f94e5174073,06810567dfcdefa14de7144e037e283bae47f7bb71fd609c1c0740d796cac1b7,,,Mozilla/5.0 (X11; Linux x86_64; rv:140.0) Gecko/20100101 Firefox/140.0,Linux x86_64,Linux,Gecko,Mozilla,Mozilla,low,F,CanvasRenderingContext2D.getImageData,False,1600,900,1600x900,24,False,False,0,4,"en-US, en (en-US)",0,unspecified,False,0,Brak,Greenwich Mean Time,"Atlantic, Reykjavik",0,light,no-preference,Brak,srgb,35.749972093850374,4736,0.0,42,False,2026-04-09T12:03:08.013Z
Kuba,Windows,Brave,Full_09_04_2026,Kuba_Windows_Brave_Full_09_04_2026.json,043cb9c93f656ca81b5a6beefbbca32c3313f76806ed34a385feb044980994b1,30,F,5,3,0,0,0,25,Blink,5 lie(s) detected | engine: Blink | headless: 0 | stealth: 0,7449dfb3a47572e042d40456d17a608744c05fd4e22893af0524cd192dece529,00d91a6b4bfce3ee1c41df2a85c47a3af0af863aec2b7351c3414a80b952f209,94bf7a887d2e73f65afdf733d36aa400f8429d0708d22637bd287f8253b7fa56,0f93bdab3131866990548afd83bb79f2691ab2ea82c3cf47f722dff9f79dac29,0e5e71fa39658e78faecc949642b5e07a70872ae90ad156704db9b0524c5d08c,c448c84bc2bd5831fca7f2af0227c06515de300636c85b8bb236a86e302ea527,471f67d368ac465b154945691992556652cef3000398826112e85b6a15f8fbdb,0ea73d5ea96ac232ede6d0c729ea0a9c0ab02ecc814ca222103bb05997177f44,,,"Mozilla/5.0 (Windows NT 10.0; Win64; x64) AppleWebKit/537.36 (KHTML, like Gecko) Chrome/146.0.0.0 Safari/537.36",Win32,Windows,Blink,"ANGLE (AMD, AMD Radeon(TM) 780M (0x000015BF) Direct3D11 vs_5_0 ps_5_0, D3D11)","AMD, AMD Radeon(TM) 780M (0x000015BF)",moderate,C,"Screen, Element.getClientRects, AudioBuffer, CanvasRenderingContext2D.getImageData, Navigator.plugins",True,1366,768,1366x768,32,False,True,8,16,en-US (en-US),0,,True,12,"""Cambria Math"", ""Ink Free"", ""Javanese Text"", ""Leelawadee UI"", ""Lucida Console"", ""Myanmar Text"", ""Nirmala UI"", ""Segoe Fluent Icons"", ""Segoe MDL2 Assets"", ""Segoe UI Emoji"", Bahnschrift, Gadugi",Central European Summer Time,"Europe, Warsaw",-120,dark,reduce,Brak,p3,123.66459596573259,4736,994.0086136863805,67,False,2026-04-09T11:38:04.706Z
Kuba,Windows,Brave,Standard_09_04_2026,Kuba_Windows_Brave_Standard_09_04_2026.json,a0d491d42dd4365ef5086cccaeede55fcdddeaac3bf2cff78cbd7adc3a37cc44,25,F,5,4,0,0,0,25,Blink,5 lie(s) detected | engine: Blink | headless: 0 | stealth: 0,5f406bf14b6bff74030979d260fbeb7fcc9ffc8d7ab4a8e3293e9c21d5c8f1c8,7079d69717551badd39794924023604ee84cf8d425742a1f30a5a5dac64dbbe2,097ff1a2b1f75815b31107968d882612895f54c4420e40045cda32010d8114b5,0f93bdab3131866990548afd83bb79f2691ab2ea82c3cf47f722dff9f79dac29,b21af8a53bc4e338c9547588be48843199bacef13c178a5fb29431fd5dde3f0a,70fef2e4e49881e63d4174eb60e6627ff7d8b2d7bc2ec806c89ceeb2f3ee708f,471f67d368ac465b154945691992556652cef3000398826112e85b6a15f8fbdb,d3c2270d295516650684b47939392853c1642ae1c096161d0e0ccfae289ec5a9,,,"Mozilla/5.0 (Windows NT 10.0; Win64; x64) AppleWebKit/537.36 (KHTML, like Gecko) Chrome/146.0.0.0 Safari/537.36",Win32,Windows,Blink,"ANGLE (AMD, AMD Radeon(TM) 780M (0x000015BF) Direct3D11 vs_5_0 ps_5_0, D3D11)","AMD, AMD Radeon(TM) 780M (0x000015BF)",moderate,C,"Screen, Element.getClientRects, AudioBuffer, CanvasRenderingContext2D.getImageData, Navigator.plugins",True,1280,800,1280x800,32,False,True,1,8,en-US (en-US),0,,True,12,"""Cambria Math"", ""Ink Free"", ""Javanese Text"", ""Leelawadee UI"", ""Lucida Console"", ""Myanmar Text"", ""Nirmala UI"", ""Segoe Fluent Icons"", ""Segoe MDL2 Assets"", ""Segoe UI Emoji"", Bahnschrift, Gadugi",Central European Summer Time,"Europe, Warsaw",-120,dark,reduce,Brak,p3,123.45680276824714,4736,988.3106405251264,67,False,2026-04-09T11:39:06.699Z
Kuba,Windows,DuckDuckGo,Standard_09_04_2026,Kuba_Windows_DuckDuckGo_Standard_09_04_2026.json,ac6a06157975e8a7c0c20ce1b0217a60160e93b689acd950d541891a6fd9bd55,37,F,6,0,0,0,0,19,Blink,6 lie(s) detected | engine: Blink | headless: 0 | stealth: 0,057da7ebde45b1b3f0bb704c8fab0ae13218c00bc476e3aad85071a68ec6bc95,eccd44a57c4dee16fe54d2d6bdb85589935acfa28424b1b6f3872345c37019fa,37d44314e7849d79b34c77ff13bd333be3a4c072a045d8bc17da73811df11d14,49e6178493470fb06be6a2dcb5a00fbc8e97c51a9ad73c7ef3e3ce2c135ee202,81b4ce64b2cd21cd3a7eba4ce55e83253eed9da7474cee1fffe12839c003a61d,d646cc90b03e8f0024ec7fa57d6403f47d912fcfe9e001c1a8b0e3b4c8f77a31,471f67d368ac465b154945691992556652cef3000398826112e85b6a15f8fbdb,c0286231be059143057b8b08059f619daddb462b77f1c94d661e26c0471044fb,,,"Mozilla/5.0 (Windows NT 10.0; Win64; x64) AppleWebKit/537.36 (KHTML, like Gecko) Chrome/146.0.0.0 Safari/537.36",Win32,Windows,Blink,"ANGLE (AMD, AMD Radeon(TM) 780M (0x000015BF) Direct3D11 vs_5_0 ps_5_0, D3D11)","AMD, AMD Radeon(TM) 780M (0x000015BF)",moderate,C,"MediaDevices.enumerateDevices, MediaDevices.getUserMedia, Navigator.deviceMemory, Element.getClientRects",True,1280,800,1280x800,32,False,False,8,16,"en-US, en (en-US)",0,,1,13,"""Cambria Math"", ""Ink Free"", ""Javanese Text"", ""Leelawadee UI"", ""Lucida Console"", ""MS Outlook"", ""Myanmar Text"", ""Nirmala UI"", ""Segoe Fluent Icons"", ""Segoe MDL2 Assets"", ""Segoe UI Emoji"", Bahnschrift, Gadugi",Central European Summer Time,"Europe, Warsaw",-120,dark,reduce,1280 x 800,p3,124.04347527516074,4736,0.0,67,False,2026-04-09T11:40:53.443Z
Kuba,Windows,Vivaldi,Standard_09_04_2026,Kuba_Windows_Vivaldi_Standard_09_04_2026.json,53cee3ebd7d0647f7341aece6e5ea8b028702564404121d765b892d5e0768a72,87,B,1,0,0,0,0,19,Blink,1 lie(s) detected | engine: Blink | headless: 0 | stealth: 0,057da7ebde45b1b3f0bb704c8fab0ae13218c00bc476e3aad85071a68ec6bc95,eccd44a57c4dee16fe54d2d6bdb85589935acfa28424b1b6f3872345c37019fa,37d44314e7849d79b34c77ff13bd333be3a4c072a045d8bc17da73811df11d14,49e6178493470fb06be6a2dcb5a00fbc8e97c51a9ad73c7ef3e3ce2c135ee202,70518a5727122e7e6af85d3d741b2eda51037d7ad56c5577941f157f598b9ae5,d646cc90b03e8f0024ec7fa57d6403f47d912fcfe9e001c1a8b0e3b4c8f77a31,471f67d368ac465b154945691992556652cef3000398826112e85b6a15f8fbdb,75b76d8ddf3034f0a97fa7bcde1f52fd7289fe5f8c102943c947474d569b8878,,,"Mozilla/5.0 (Windows NT 10.0; Win64; x64) AppleWebKit/537.36 (KHTML, like Gecko) Chrome/146.0.0.0 Safari/537.36",Win32,Windows,Blink,"ANGLE (AMD, AMD Radeon(TM) 780M (0x000015BF) Direct3D11 vs_5_0 ps_5_0, D3D11)","AMD, AMD Radeon(TM) 780M (0x000015BF)",moderate,C,Element.getClientRects,True,1280,800,1280x800,32,False,False,8,16,"en-US, en (en-US)",0,,False,13,"""Cambria Math"", ""Ink Free"", ""Javanese Text"", ""Leelawadee UI"", ""Lucida Console"", ""MS Outlook"", ""Myanmar Text"", ""Nirmala UI"", ""Segoe Fluent Icons"", ""Segoe MDL2 Assets"", ""Segoe UI Emoji"", Bahnschrift, Gadugi",Central European Summer Time,"Europe, Warsaw",-120,dark,reduce,1280 x 800,p3,124.04347527516074,4736,0.0,67,False,2026-04-09T11:40:09.300Z
Kamil,Windows,Firefox,CanvasBlocker_09_04_2026,Kamil_Windows_Firefox_CanvasBlocker_09_04_2026.json,dee5b6f20873b4ccddb11e997d31c7ddca13a4ce9de73a246b31089f1132c14b,0,F,280,2,0,0,20,6,Gecko,280 lie(s) detected | engine: Gecko | headless: 0 | stealth: 20,1d46ba8a56b9860850e663fba0714bd959bac9a3b96d3a31c317c97b14a265c1,3ca478aa2496e722745bc17b262183fca41a9d1843dd6e37b3ab5fe2d2400937,1dae58399e3f96301b7bb782af8bb0941f1d1f9eee7e8ce12bf8e8472cc68e97,2be510c65084fc3daf5715c7f27e91964808c591476a5f471bf36b1e24709e02,7229edcf11878f57eb92becbf49876d083919d7a1636341b26903fd371e41f1a,3f2c1689d716d87439d10af4b6f39d754c1d65e02c4cff1fde3edefebbaeaca2,3968d3fced8017a097784fe14b56e303eefd68adcb352b2497695331bcb3a203,2c39942056f458caf270da7d86f3be2b9e8b8e1f09ad52e3e1ccea23b765167c,,,Mozilla/5.0 (Windows NT 10.0; Win64; x64; rv:149.0) Gecko/20100101 Firefox/149.0,Win32,Windows,Gecko,"ANGLE (AMD, Radeon HD 3200 Graphics Direct3D11 vs_5_0 ps_5_0), or similar","AMD, Radeon HD 3000s Graphics",high,A,"Function.toString, AnalyserNode.fftSize, AnalyserNode.frequencyBinCount, AnalyserNode.getByteFrequencyData, AnalyserNode.getByteTimeDomainData, AnalyserNode.getFloatFrequencyData, AnalyserNode.getFloatTimeDomainData, AnalyserNode.maxDecibels, AnalyserNode.minDecibels, AnalyserNode.smoothingTimeConstant, AudioBuffer.copyFromChannel, AudioBuffer.getChannelData, BiquadFilterNode.getFrequencyResponse, CanvasRenderingContext2D.fillText, CanvasRenderingContext2D.font, CanvasRenderingContext2D.getImageData, CanvasRenderingContext2D.getLineDash, CanvasRenderingContext2D.isPointInPath, CanvasRenderingContext2D.isPointInStroke, CanvasRenderingContext2D.measureText, CanvasRenderingContext2D.quadraticCurveTo, CanvasRenderingContext2D.strokeText, CSSStyleDeclaration.setProperty, Date.getDate, Date.getDay, Date.getFullYear, Date.getHours, Date.getMinutes, Date.getMonth, Date.getTime, Date.getTimezoneOffset, Date.setDate, Date.setFullYear, Date.setHours, Date.setMilliseconds, Date.setMonth, Date.setSeconds, Date.setTime, Date.toDateString, Date.toJSON, Date.toLocaleDateString, Date.toLocaleString, Date.toLocaleTimeString, Date.toString, Date.toTimeString, Date.valueOf, GPU.requestAdapter, DateTimeFormat.format, DateTimeFormat.formatRange, DateTimeFormat.formatToParts, DateTimeFormat.resolvedOptions, Document.createElement, Document.createElementNS, Document.getElementById, Document.getElementsByClassName, Document.getElementsByName, Document.getElementsByTagName, Document.getElementsByTagNameNS, Document.referrer, Document.write, Document.writeln, DOMRect.height, DOMRect.width, DOMRect.x, DOMRect.y, DOMRectReadOnly.bottom, DOMRectReadOnly.height, DOMRectReadOnly.left, DOMRectReadOnly.right, DOMRectReadOnly.toJSON, DOMRectReadOnly.top, DOMRectReadOnly.width, DOMRectReadOnly.x, DOMRectReadOnly.y, Element.append, Element.getBoundingClientRect, Element.getClientRects, Element.insertAdjacentElement, Element.insertAdjacentHTML, Element.insertAdjacentText, Element.prepend, Element.replaceWith, Element.setAttribute, FontFace.family, FontFace.load, FontFace.status, HTMLCanvasElement.captureStream, HTMLCanvasElement.getContext, HTMLCanvasElement.height, HTMLCanvasElement.mozOpaque, HTMLCanvasElement.mozPrintCallback, HTMLCanvasElement.toBlob, HTMLCanvasElement.toDataURL, HTMLCanvasElement.transferControlToOffscreen, HTMLCanvasElement.width, HTMLElement.offsetHeight, HTMLElement.offsetWidth, HTMLIFrameElement.contentDocument, HTMLIFrameElement.contentWindow, IntersectionObserverEntry.boundingClientRect, IntersectionObserverEntry.intersectionRect, IntersectionObserverEntry.rootBounds, Math.acos, Math.acosh, Math.asinh, Math.atan, Math.atan2, Math.atanh, Math.cbrt, Math.cos, Math.cosh, Math.exp, Math.expm1, Math.log, Math.log10, Math.log1p, Math.sin, Math.sinh, Math.sqrt, Math.tan, Math.tanh, MediaDevices.enumerateDevices, MediaDevices.getDisplayMedia, MediaDevices.getUserMedia, Navigator.appCodeName, Navigator.appName, Navigator.appVersion, Navigator.buildID, Navigator.getGamepads, Navigator.gpu, Navigator.hardwareConcurrency, Navigator.language, Navigator.languages, Navigator.maxTouchPoints, Navigator.mimeTypes, Navigator.oscpu, Navigator.platform, Navigator.plugins, Navigator.product, Navigator.productSub, Navigator.sendBeacon, Navigator.serviceWorker, Navigator.storage, Navigator.userAgent, Navigator.vendor, Navigator.vendorSub, Navigator.webdriver, Node.appendChild, Node.insertBefore, Node.replaceChild, OffscreenCanvas.convertToBlob, OffscreenCanvas.getContext, OffscreenCanvasRenderingContext2D.font, OffscreenCanvasRenderingContext2D.getImageData, OffscreenCanvasRenderingContext2D.getLineDash, OffscreenCanvasRenderingContext2D.isPointInPath, OffscreenCanvasRenderingContext2D.isPointInStroke, OffscreenCanvasRenderingContext2D.measureText, OffscreenCanvasRenderingContext2D.quadraticCurveTo, Permissions.query, Range.getBoundingClientRect, Range.getClientRects, RelativeTimeFormat.resolvedOptions, Screen.availHeight, Screen.availLeft, Screen.availTop, Screen.availWidth, Screen.colorDepth, Screen.height, Screen.left, Screen.mozLockOrientation, Screen.mozOrientation, Screen.mozUnlockOrientation, Screen.onmozorientationchange, Screen.orientation, Screen.pixelDepth, Screen.top, Screen.width, StorageManager.estimate, SVGRect.height, SVGRect.width, SVGRect.x, SVGRect.y, SVGTextContentElement.getComputedTextLength, SVGTextContentElement.getExtentOfChar, SVGTextContentElement.getSubStringLength, TextMetrics.actualBoundingBoxAscent, TextMetrics.actualBoundingBoxDescent, TextMetrics.actualBoundingBoxLeft, TextMetrics.actualBoundingBoxRight, TextMetrics.alphabeticBaseline, TextMetrics.emHeightAscent, TextMetrics.emHeightDescent, TextMetrics.fontBoundingBoxAscent, TextMetrics.fontBoundingBoxDescent, TextMetrics.hangingBaseline, TextMetrics.ideographicBaseline, TextMetrics.width, WebGLRenderingContext.bufferData, WebGLRenderingContext.getParameter, WebGLRenderingContext.readPixels, WebGL2RenderingContext.bufferData, WebGL2RenderingContext.getParameter, WebGL2RenderingContext.readPixels, AudioBuffer",True,1536,864,1536x864,24,False,1,0,12,"pl, en-US, en (pl)",0,unspecified,False,17,"Bahnschrift, Cambria Math, DejaVu Sans, Gadugi, Gentium Book Basic, Ink Free, Javanese Text, Leelawadee UI, Liberation Mono, Lucida Console, MS Outlook, Myanmar Text, Nirmala UI, OpenSymbol, Segoe Fluent Icons, Segoe MDL2 Assets, Segoe UI Emoji",czas środkowoeuropejski letni,"Europe, Warsaw",-120,dark,reduce,1536 x 864,srgb,35.749972093850374,4737,2.0615842534177333,41,1,2026-04-09T18:28:34.421Z
Kamil,Windows,Firefox,Czyste_09_04_2026,Kamil_Windows_Firefox_Czyste_09_04_2026.json,d6554774474f4a943ccb789657b8c27a844a4e69e25c195ce1af69bd998edeca,100,A,0,0,0,0,0,0,Gecko,0 lie(s) detected | engine: Gecko | headless: 0 | stealth: 0,d453893dc741902d24dac04cbed4c89302c63705feb3eb2ea85b87d9ae008416,142526bce35ed8ce8c3e56ebb564175c5ee449800e3245e885426cf2c918e028,17546399fdb9d152ab87e7b9175d8bcf7441e6380de8b4ec71c988da8d632087,2be510c65084fc3daf5715c7f27e91964808c591476a5f471bf36b1e24709e02,7229edcf11878f57eb92becbf49876d083919d7a1636341b26903fd371e41f1a,766762be1bd907fc6e3bcb7bd25f3d81bf33eca9abdfa9e7d28bca5d3931600e,3968d3fced8017a097784fe14b56e303eefd68adcb352b2497695331bcb3a203,2c39942056f458caf270da7d86f3be2b9e8b8e1f09ad52e3e1ccea23b765167c,,,Mozilla/5.0 (Windows NT 10.0; Win64; x64; rv:149.0) Gecko/20100101 Firefox/149.0,Win32,Windows,Gecko,"ANGLE (AMD, Radeon HD 3200 Graphics Direct3D11 vs_5_0 ps_5_0), or similar","AMD, Radeon HD 3000s Graphics",high,A,Brak,False,1536,864,1536x864,24,False,False,0,12,"pl, en-US, en (pl)",0,unspecified,False,17,"Bahnschrift, Cambria Math, DejaVu Sans, Gadugi, Gentium Book Basic, Ink Free, Javanese Text, Leelawadee UI, Liberation Mono, Lucida Console, MS Outlook, Myanmar Text, Nirmala UI, OpenSymbol, Segoe Fluent Icons, Segoe MDL2 Assets, Segoe UI Emoji",czas środkowoeuropejski letni,"Europe, Warsaw",-120,dark,reduce,1536 x 864,srgb,35.749972093850374,4736,0.0,41,False,2026-04-09T17:58:08.551Z
Kamil,Windows,Firefox,Trace_09_04_2026,Kamil_Windows_Firefox_Trace_09_04_2026.json,332896c14737c6f67593aeb2785d79d95f5a2429b7b22bb0864e8e388e1f7b72,0,F,201,0,0,0,0,0,Gecko,201 lie(s) detected | engine: Gecko | headless: 0 | stealth: 0,d3367b174cea70c501e90f2a6b352ddd800847f24a829199c2c7ac229645a20c,2d3e8b113f4bb35fa6d362a9d4a6f232f7473cd0a74df1aa0dc2cbaf171c7c7f,96352449dbfd74d96fdd152fb9fb5e173dd023af91113b3722b4c2a451c79ec8,2be510c65084fc3daf5715c7f27e91964808c591476a5f471bf36b1e24709e02,73d719f0e17eb95d4a0eb880ded5fdeeae3d8e3d69f1f109515db78900c1d52e,23e0c3a7a94254027d42723886b24ad9222f4aaecdd66d941e0699b7f6a2d25a,3968d3fced8017a097784fe14b56e303eefd68adcb352b2497695331bcb3a203,2c39942056f458caf270da7d86f3be2b9e8b8e1f09ad52e3e1ccea23b765167c,,,Mozilla/5.0 (Windows NT 10.0; Win64; x64; rv:149.0) Gecko/20100101 Firefox/149.0,Win32,Windows,Gecko,"ANGLE (AMD, Radeon HD 3200 Graphics Direct3D11 vs_5_0 ps_5_0), or similar","AMD, Radeon HD 3000s Graphics",high,A,"AudioBuffer.copyFromChannel, CanvasRenderingContext2D.getImageData, Document.createElement, Document.createElementNS, Document.getElementById, Document.getElementsByClassName, Document.getElementsByName, Document.getElementsByTagName, Document.getElementsByTagNameNS, Element.getClientRects, HTMLCanvasElement.toBlob, HTMLCanvasElement.toDataURL, HTMLIFrameElement.contentDocument, HTMLIFrameElement.contentWindow, Navigator.hardwareConcurrency, Navigator.plugins, Range.getBoundingClientRect, Range.getClientRects, Screen.availHeight, Screen.availLeft, Screen.availTop, Screen.availWidth, Screen.height, Screen.width, WebGLRenderingContext.bufferData, WebGLRenderingContext.getParameter, WebGL2RenderingContext.bufferData, WebGL2RenderingContext.getParameter",10,1536,864,1536x864,24,False,1,4,4,"pl, en-US, en (pl)",0,unspecified,True,17,"Bahnschrift, Cambria Math, DejaVu Sans, Gadugi, Gentium Book Basic, Ink Free, Javanese Text, Leelawadee UI, Liberation Mono, Lucida Console, MS Outlook, Myanmar Text, Nirmala UI, OpenSymbol, Segoe Fluent Icons, Segoe MDL2 Assets, Segoe UI Emoji",czas środkowoeuropejski letni,"Europe, Warsaw",-120,dark,reduce,1536 x 864,srgb,35.749972093850374,4736,0.0,41,9,2026-04-09T18:25:29.350Z
Kamil,Windows,Opera,Czyste_09_04_2026,Kamil_Windows_Opera_Czyste_09_04_2026.json,279c2a466a8ecf6976fa1e6777b72aef7ad3838d25b9ab21f8914cf0cb2cb2f5,77,B,2,0,0,0,0,19,Blink,2 lie(s) detected | engine: Blink | headless: 0 | stealth: 0,56f3bb9ed2435f740062265d51de7b36e2b339600f68033d5f31692feefb61b5,3f923c9d6cc34cdf6d9952a6a591064f86600ff39847d4219f7776232ffda902,37d44314e7849d79b34c77ff13bd333be3a4c072a045d8bc17da73811df11d14,059e82e6e8d16f8eb7f11e88052868b6fa75c23e3194a23d59bc5390f97e9f18,c04b77f444f2d1ebe4947c1a31b2be9940893c777ea516aa4a59bf24fda16944,40e7e1dca7dc49160bd84d15064258c523c0181a5af5d7ca09cad321161e87a3,3968d3fced8017a097784fe14b56e303eefd68adcb352b2497695331bcb3a203,25460dc97b587e1fcd6ef5a5089b53480fb7af20bb7f374d943bc77f6d856430,,,"Mozilla/5.0 (Windows NT 10.0; Win64; x64) AppleWebKit/537.36 (KHTML, like Gecko) Chrome/146.0.0.0 Safari/537.36 OPR/130.0.0.0",Win32,Windows,Blink,"ANGLE (AMD, AMD Radeon(TM) Graphics (0x0000164C) Direct3D11 vs_5_0 ps_5_0, D3D11)","AMD, AMD Radeon(TM) Graphics (0x0000164C)",moderate,C,"Element.getClientRects, WorkerGlobalScope",True,1536,865,1536x865,32,False,False,8,12,"pl-PL, pl, en-US, en (pl-PL)",0,,False,17,"""Cambria Math"", ""DejaVu Sans"", ""Gentium Book Basic"", ""Ink Free"", ""Javanese Text"", ""Leelawadee UI"", ""Liberation Mono"", ""Lucida Console"", ""MS Outlook"", ""Myanmar Text"", ""Nirmala UI"", ""Segoe Fluent Icons"", ""Segoe MDL2 Assets"", ""Segoe UI Emoji"", Bahnschrift, Gadugi, OpenSymbol",czas środkowoeuropejski letni,"Europe, Warsaw",-120,dark,reduce,1536 x 865,srgb,124.04347527516074,4736,0.0,67,False,2026-04-09T18:42:02.256Z
Kamil,Windows,Opera,VPN_Blocker_09_04_2026,Kamil_Windows_Opera_VPN_Blocker_09_04_2026.json,279c2a466a8ecf6976fa1e6777b72aef7ad3838d25b9ab21f8914cf0cb2cb2f5,77,B,2,0,0,0,0,19,Blink,2 lie(s) detected | engine: Blink | headless: 0 | stealth: 0,56f3bb9ed2435f740062265d51de7b36e2b339600f68033d5f31692feefb61b5,3f923c9d6cc34cdf6d9952a6a591064f86600ff39847d4219f7776232ffda902,37d44314e7849d79b34c77ff13bd333be3a4c072a045d8bc17da73811df11d14,059e82e6e8d16f8eb7f11e88052868b6fa75c23e3194a23d59bc5390f97e9f18,c04b77f444f2d1ebe4947c1a31b2be9940893c777ea516aa4a59bf24fda16944,40e7e1dca7dc49160bd84d15064258c523c0181a5af5d7ca09cad321161e87a3,3968d3fced8017a097784fe14b56e303eefd68adcb352b2497695331bcb3a203,25460dc97b587e1fcd6ef5a5089b53480fb7af20bb7f374d943bc77f6d856430,,,"Mozilla/5.0 (Windows NT 10.0; Win64; x64) AppleWebKit/537.36 (KHTML, like Gecko) Chrome/146.0.0.0 Safari/537.36 OPR/130.0.0.0",Win32,Windows,Blink,"ANGLE (AMD, AMD Radeon(TM) Graphics (0x0000164C) Direct3D11 vs_5_0 ps_5_0, D3D11)","AMD, AMD Radeon(TM) Graphics (0x0000164C)",moderate,C,"Element.getClientRects, WorkerGlobalScope",True,1536,865,1536x865,32,False,False,8,12,"pl-PL, pl, en-US, en (pl-PL)",0,,False,17,"""Cambria Math"", ""DejaVu Sans"", ""Gentium Book Basic"", ""Ink Free"", ""Javanese Text"", ""Leelawadee UI"", ""Liberation Mono"", ""Lucida Console"", ""MS Outlook"", ""Myanmar Text"", ""Nirmala UI"", ""Segoe Fluent Icons"", ""Segoe MDL2 Assets"", ""Segoe UI Emoji"", Bahnschrift, Gadugi, OpenSymbol",czas środkowoeuropejski letni,"Europe, Warsaw",-120,dark,reduce,1536 x 865,srgb,124.04347527516074,4736,0.0,67,False,2026-04-09T18:44:08.411Z
Maks,Linux,Firefox,CanvasBlocker_08_04_2026,Maks_Linux_Firefox_CanvasBlocker_08_04_2026.json,1d36a057a1a408c479436eabf90e34dc16cd212e98870b0e8fd9e8f174b2c133,0,F,291,3,0,0,20,13,Gecko,291 lie(s) detected | engine: Gecko | headless: 0 | stealth: 20,39f1514c29d1795ada1869aaa8d39ecf2e80781e5ae3df59a46f423de26c6fdb,559515428856428a943ec08301fc7413d72e2c6ef523d8fb8ceef10b466c84c1,2859e1873f56a4d5335e1580057becc26282fed9f10c2b274d07f11c94a6dd28,1cce02d40da8edea3fabe50914462d9443a4a8ba4571cde660feff2c1472d189,0f8719c84734a03828fad635a14b32cdfd7734e4773f17f7a3ebcde9554a78fb,3cd9a2fa93041ac8201c60636cf9ae3c4745e678950d27c91429e60aad18f090,6a8690b1324fecdb203110e815523432c64b4c021d5c7e73b2ff2f94e5174073,ed02514b97b0ecd4433a3b965d5ce2bbf87e0577fc1580d01ff694117b2f7b35,Brak,Brak,Mozilla/5.0 (X11; Linux x86_64; rv:149.0) Gecko/20100101 Firefox/149.0,Linux x86_64,Linux,Gecko,Mozilla,Mozilla,low,F,"Function.toString, AnalyserNode.fftSize, AnalyserNode.frequencyBinCount, AnalyserNode.getByteFrequencyData, AnalyserNode.getByteTimeDomainData, AnalyserNode.getFloatFrequencyData, AnalyserNode.getFloatTimeDomainData, AnalyserNode.maxDecibels, AnalyserNode.minDecibels, AnalyserNode.smoothingTimeConstant, AudioBuffer.copyFromChannel, AudioBuffer.getChannelData, BiquadFilterNode.getFrequencyResponse, CanvasRenderingContext2D.fillText, CanvasRenderingContext2D.font, CanvasRenderingContext2D.getImageData, CanvasRenderingContext2D.getLineDash, CanvasRenderingContext2D.isPointInPath, CanvasRenderingContext2D.isPointInStroke, CanvasRenderingContext2D.measureText, CanvasRenderingContext2D.quadraticCurveTo, CanvasRenderingContext2D.strokeText, CSSStyleDeclaration.setProperty, Date.getDate, Date.getDay, Date.getFullYear, Date.getHours, Date.getMinutes, Date.getMonth, Date.getTime, Date.getTimezoneOffset, Date.setDate, Date.setFullYear, Date.setHours, Date.setMilliseconds, Date.setMonth, Date.setSeconds, Date.setTime, Date.toDateString, Date.toJSON, Date.toLocaleDateString, Date.toLocaleString, Date.toLocaleTimeString, Date.toString, Date.toTimeString, Date.valueOf, DateTimeFormat.format, DateTimeFormat.formatRange, DateTimeFormat.formatToParts, DateTimeFormat.resolvedOptions, Document.createElement, Document.createElementNS, Document.getElementById, Document.getElementsByClassName, Document.getElementsByName, Document.getElementsByTagName, Document.getElementsByTagNameNS, Document.referrer, Document.write, Document.writeln, DOMRect.height, DOMRect.width, DOMRect.x, DOMRect.y, DOMRectReadOnly.bottom, DOMRectReadOnly.height, DOMRectReadOnly.left, DOMRectReadOnly.right, DOMRectReadOnly.toJSON, DOMRectReadOnly.top, DOMRectReadOnly.width, DOMRectReadOnly.x, DOMRectReadOnly.y, Element.append, Element.getBoundingClientRect, Element.getClientRects, Element.insertAdjacentElement, Element.insertAdjacentHTML, Element.insertAdjacentText, Element.prepend, Element.replaceWith, Element.setAttribute, FontFace.family, FontFace.load, FontFace.status, HTMLCanvasElement.captureStream, HTMLCanvasElement.getContext, HTMLCanvasElement.height, HTMLCanvasElement.mozOpaque, HTMLCanvasElement.mozPrintCallback, HTMLCanvasElement.toBlob, HTMLCanvasElement.toDataURL, HTMLCanvasElement.transferControlToOffscreen, HTMLCanvasElement.width, HTMLElement.offsetHeight, HTMLElement.offsetWidth, HTMLIFrameElement.contentDocument, HTMLIFrameElement.contentWindow, IntersectionObserverEntry.boundingClientRect, IntersectionObserverEntry.intersectionRect, IntersectionObserverEntry.rootBounds, Math.acos, Math.acosh, Math.asinh, Math.atan, Math.atan2, Math.atanh, Math.cbrt, Math.cos, Math.cosh, Math.exp, Math.expm1, Math.log, Math.log10, Math.log1p, Math.sin, Math.sinh, Math.sqrt, Math.tan, Math.tanh, MediaDevices.enumerateDevices, MediaDevices.getDisplayMedia, MediaDevices.getUserMedia, Navigator.appCodeName, Navigator.appName, Navigator.appVersion, Navigator.buildID, Navigator.getGamepads, Navigator.hardwareConcurrency, Navigator.language, Navigator.languages, Navigator.maxTouchPoints, Navigator.mimeTypes, Navigator.oscpu, Navigator.platform, Navigator.plugins, Navigator.product, Navigator.productSub, Navigator.sendBeacon, Navigator.serviceWorker, Navigator.storage, Navigator.userAgent, Navigator.vendor, Navigator.vendorSub, Navigator.webdriver, Node.appendChild, Node.insertBefore, Node.replaceChild, OffscreenCanvas.convertToBlob, OffscreenCanvas.getContext, OffscreenCanvasRenderingContext2D.font, OffscreenCanvasRenderingContext2D.getImageData, OffscreenCanvasRenderingContext2D.getLineDash, OffscreenCanvasRenderingContext2D.isPointInPath, OffscreenCanvasRenderingContext2D.isPointInStroke, OffscreenCanvasRenderingContext2D.measureText, OffscreenCanvasRenderingContext2D.quadraticCurveTo, Permissions.query, Range.getBoundingClientRect, Range.getClientRects, RelativeTimeFormat.resolvedOptions, Screen.availHeight, Screen.availLeft, Screen.availTop, Screen.availWidth, Screen.colorDepth, Screen.height, Screen.left, Screen.mozLockOrientation, Screen.mozOrientation, Screen.mozUnlockOrientation, Screen.onmozorientationchange, Screen.orientation, Screen.pixelDepth, Screen.top, Screen.width, StorageManager.estimate, SVGRect.height, SVGRect.width, SVGRect.x, SVGRect.y, SVGTextContentElement.getComputedTextLength, SVGTextContentElement.getExtentOfChar, SVGTextContentElement.getSubStringLength, TextMetrics.actualBoundingBoxAscent, TextMetrics.actualBoundingBoxDescent, TextMetrics.actualBoundingBoxLeft, TextMetrics.actualBoundingBoxRight, TextMetrics.alphabeticBaseline, TextMetrics.emHeightAscent, TextMetrics.emHeightDescent, TextMetrics.fontBoundingBoxAscent, TextMetrics.fontBoundingBoxDescent, TextMetrics.hangingBaseline, TextMetrics.ideographicBaseline, TextMetrics.width, WebGLRenderingContext.bufferData, WebGLRenderingContext.getParameter, WebGLRenderingContext.readPixels, WebGL2RenderingContext.bufferData, WebGL2RenderingContext.getParameter, WebGL2RenderingContext.readPixels, AudioBuffer",True,2048,1080,2048x1080,24,False,1,0,4,"en-US, en (en-US)",0,unspecified,False,7,"DejaVu Sans, Liberation Mono, Noto Color Emoji, Noto Sans Canadian Aboriginal Regular, Noto Sans Gunjala Gondi Regular, Noto Sans Masaram Gondi Regular, Noto Serif Yezidi Regular",Greenwich Mean Time,"Atlantic, Reykjavik",0,light,no-preference,Brak,srgb,35.749972220510244,4742,41.78675882041559,42,1,2026-04-08T19:20:42.310Z
Maks,Linux,Firefox,CanvasBlocker_11_04_2026,Maks_Linux_Firefox_CanvasBlocker_11_04_2026.json,1d36a057a1a408c479436eabf90e34dc16cd212e98870b0e8fd9e8f174b2c133,0,F,292,3,0,0,20,13,Gecko,292 lie(s) detected | engine: Gecko | headless: 0 | stealth: 20,4374fb03df16518a0cbf642cb22dbc7e2fefed7d5fd6058b94d2a5ffe42b1474,23c265f7cb7e34932c23139a986a1c99d4c26f8141bba07d73e09320c1e107fc,82881c475f818509c6e263df4b2044dfdb423961e76469f382b3670278f58812,1cce02d40da8edea3fabe50914462d9443a4a8ba4571cde660feff2c1472d189,0f8719c84734a03828fad635a14b32cdfd7734e4773f17f7a3ebcde9554a78fb,3cd9a2fa93041ac8201c60636cf9ae3c4745e678950d27c91429e60aad18f090,6a8690b1324fecdb203110e815523432c64b4c021d5c7e73b2ff2f94e5174073,ed02514b97b0ecd4433a3b965d5ce2bbf87e0577fc1580d01ff694117b2f7b35,,,Mozilla/5.0 (X11; Linux x86_64; rv:149.0) Gecko/20100101 Firefox/149.0,Linux x86_64,Linux,Gecko,Mozilla,Mozilla,low,F,"Function.toString, AnalyserNode.fftSize, AnalyserNode.frequencyBinCount, AnalyserNode.getByteFrequencyData, AnalyserNode.getByteTimeDomainData, AnalyserNode.getFloatFrequencyData, AnalyserNode.getFloatTimeDomainData, AnalyserNode.maxDecibels, AnalyserNode.minDecibels, AnalyserNode.smoothingTimeConstant, AudioBuffer.copyFromChannel, AudioBuffer.getChannelData, BiquadFilterNode.getFrequencyResponse, CanvasRenderingContext2D.fillText, CanvasRenderingContext2D.font, CanvasRenderingContext2D.getImageData, CanvasRenderingContext2D.getLineDash, CanvasRenderingContext2D.isPointInPath, CanvasRenderingContext2D.isPointInStroke, CanvasRenderingContext2D.measureText, CanvasRenderingContext2D.quadraticCurveTo, CanvasRenderingContext2D.strokeText, CSSStyleDeclaration.setProperty, Date.getDate, Date.getDay, Date.getFullYear, Date.getHours, Date.getMinutes, Date.getMonth, Date.getTime, Date.getTimezoneOffset, Date.setDate, Date.setFullYear, Date.setHours, Date.setMilliseconds, Date.setMonth, Date.setSeconds, Date.setTime, Date.toDateString, Date.toJSON, Date.toLocaleDateString, Date.toLocaleString, Date.toLocaleTimeString, Date.toString, Date.toTimeString, Date.valueOf, DateTimeFormat.format, DateTimeFormat.formatRange, DateTimeFormat.formatToParts, DateTimeFormat.resolvedOptions, Document.createElement, Document.createElementNS, Document.getElementById, Document.getElementsByClassName, Document.getElementsByName, Document.getElementsByTagName, Document.getElementsByTagNameNS, Document.referrer, Document.write, Document.writeln, DOMRect.height, DOMRect.width, DOMRect.x, DOMRect.y, DOMRectReadOnly.bottom, DOMRectReadOnly.height, DOMRectReadOnly.left, DOMRectReadOnly.right, DOMRectReadOnly.toJSON, DOMRectReadOnly.top, DOMRectReadOnly.width, DOMRectReadOnly.x, DOMRectReadOnly.y, Element.append, Element.getBoundingClientRect, Element.getClientRects, Element.insertAdjacentElement, Element.insertAdjacentHTML, Element.insertAdjacentText, Element.prepend, Element.replaceWith, Element.setAttribute, FontFace.family, FontFace.load, FontFace.status, HTMLCanvasElement.captureStream, HTMLCanvasElement.getContext, HTMLCanvasElement.height, HTMLCanvasElement.mozOpaque, HTMLCanvasElement.mozPrintCallback, HTMLCanvasElement.toBlob, HTMLCanvasElement.toDataURL, HTMLCanvasElement.transferControlToOffscreen, HTMLCanvasElement.width, HTMLElement.offsetHeight, HTMLElement.offsetWidth, HTMLIFrameElement.contentDocument, HTMLIFrameElement.contentWindow, IntersectionObserverEntry.boundingClientRect, IntersectionObserverEntry.intersectionRect, IntersectionObserverEntry.rootBounds, Math.acos, Math.acosh, Math.asinh, Math.atan, Math.atan2, Math.atanh, Math.cbrt, Math.cos, Math.cosh, Math.exp, Math.expm1, Math.log, Math.log10, Math.log1p, Math.sin, Math.sinh, Math.sqrt, Math.tan, Math.tanh, MediaDevices.enumerateDevices, MediaDevices.getDisplayMedia, MediaDevices.getUserMedia, Navigator.appCodeName, Navigator.appName, Navigator.appVersion, Navigator.buildID, Navigator.getGamepads, Navigator.hardwareConcurrency, Navigator.language, Navigator.languages, Navigator.maxTouchPoints, Navigator.mimeTypes, Navigator.oscpu, Navigator.platform, Navigator.plugins, Navigator.product, Navigator.productSub, Navigator.sendBeacon, Navigator.serviceWorker, Navigator.storage, Navigator.userAgent, Navigator.vendor, Navigator.vendorSub, Navigator.webdriver, Node.appendChild, Node.insertBefore, Node.replaceChild, OffscreenCanvas.convertToBlob, OffscreenCanvas.getContext, OffscreenCanvasRenderingContext2D.font, OffscreenCanvasRenderingContext2D.getImageData, OffscreenCanvasRenderingContext2D.getLineDash, OffscreenCanvasRenderingContext2D.isPointInPath, OffscreenCanvasRenderingContext2D.isPointInStroke, OffscreenCanvasRenderingContext2D.measureText, OffscreenCanvasRenderingContext2D.quadraticCurveTo, Permissions.query, Range.getBoundingClientRect, Range.getClientRects, RelativeTimeFormat.resolvedOptions, Screen.availHeight, Screen.availLeft, Screen.availTop, Screen.availWidth, Screen.colorDepth, Screen.height, Screen.left, Screen.mozLockOrientation, Screen.mozOrientation, Screen.mozUnlockOrientation, Screen.onmozorientationchange, Screen.orientation, Screen.pixelDepth, Screen.top, Screen.width, StorageManager.estimate, SVGRect.height, SVGRect.width, SVGRect.x, SVGRect.y, SVGTextContentElement.getComputedTextLength, SVGTextContentElement.getExtentOfChar, SVGTextContentElement.getSubStringLength, TextMetrics.actualBoundingBoxAscent, TextMetrics.actualBoundingBoxDescent, TextMetrics.actualBoundingBoxLeft, TextMetrics.actualBoundingBoxRight, TextMetrics.alphabeticBaseline, TextMetrics.emHeightAscent, TextMetrics.emHeightDescent, TextMetrics.fontBoundingBoxAscent, TextMetrics.fontBoundingBoxDescent, TextMetrics.hangingBaseline, TextMetrics.ideographicBaseline, TextMetrics.width, WebGLRenderingContext.bufferData, WebGLRenderingContext.getParameter, WebGLRenderingContext.readPixels, WebGL2RenderingContext.bufferData, WebGL2RenderingContext.getParameter, WebGL2RenderingContext.readPixels, AudioBuffer",True,2048,1080,2048x1080,24,False,1,0,4,"en-US, en (en-US)",0,unspecified,False,7,"DejaVu Sans, Liberation Mono, Noto Color Emoji, Noto Sans Canadian Aboriginal Regular, Noto Sans Gunjala Gondi Regular, Noto Sans Masaram Gondi Regular, Noto Serif Yezidi Regular",Greenwich Mean Time,"Atlantic, Reykjavik",0,light,no-preference,Brak,srgb,35.74997259862721,4741,52.949272402762034,42,1,2026-04-11T04:18:43.895Z
Maks,Linux,Firefox,CanvasBlocker_13_04_2026,Maks_Linux_Firefox_CanvasBlocker_13_04_2026.json,50a2352505462132dc872a96082286f55e7d0aeb87fe007a77a04f2dd9c51ca0,0,F,279,3,0,0,20,6,Gecko,279 lie(s) detected | engine: Gecko | headless: 0 | stealth: 20,7461bb27e65440b081ee6f2d66fb0cdac471a99564d6f615cba623a20a043277,6eba387061241a174942296c5641fa630bb452d433894cc34b0afdf04d02a35a,a4de11b6453cd6318103888502d9ecb2c8c575383e33e801004819ec53ff35b7,1cce02d40da8edea3fabe50914462d9443a4a8ba4571cde660feff2c1472d189,6ccd233543d11bae9fef44d32b0e1a8478c53045ac645f7791e33a996ae53cb1,1d2bf94277ecb61632a47fc66352987e44a955453d59405525161f7d5221b581,471f67d368ac465b154945691992556652cef3000398826112e85b6a15f8fbdb,65ae0ec78337c7a98bd344663f03e4c1f93a3b47171c6382ed42dd8cf83a4767,,,Mozilla/5.0 (X11; Linux x86_64; rv:149.0) Gecko/20100101 Firefox/149.0,Linux x86_64,Linux,Gecko,"Intel(R) HD Graphics, or similar","Intel(R) HD Graphics, or similar",high,A,"Function.toString, AnalyserNode.fftSize, AnalyserNode.frequencyBinCount, AnalyserNode.getByteFrequencyData, AnalyserNode.getByteTimeDomainData, AnalyserNode.getFloatFrequencyData, AnalyserNode.getFloatTimeDomainData, AnalyserNode.maxDecibels, AnalyserNode.minDecibels, AnalyserNode.smoothingTimeConstant, AudioBuffer.copyFromChannel, AudioBuffer.getChannelData, BiquadFilterNode.getFrequencyResponse, CanvasRenderingContext2D.fillText, CanvasRenderingContext2D.font, CanvasRenderingContext2D.getImageData, CanvasRenderingContext2D.getLineDash, CanvasRenderingContext2D.isPointInPath, CanvasRenderingContext2D.isPointInStroke, CanvasRenderingContext2D.measureText, CanvasRenderingContext2D.quadraticCurveTo, CanvasRenderingContext2D.strokeText, CSSStyleDeclaration.setProperty, Date.getDate, Date.getDay, Date.getFullYear, Date.getHours, Date.getMinutes, Date.getMonth, Date.getTime, Date.getTimezoneOffset, Date.setDate, Date.setFullYear, Date.setHours, Date.setMilliseconds, Date.setMonth, Date.setSeconds, Date.setTime, Date.toDateString, Date.toJSON, Date.toLocaleDateString, Date.toLocaleString, Date.toLocaleTimeString, Date.toString, Date.toTimeString, Date.valueOf, DateTimeFormat.format, DateTimeFormat.formatRange, DateTimeFormat.formatToParts, DateTimeFormat.resolvedOptions, Document.createElement, Document.createElementNS, Document.getElementById, Document.getElementsByClassName, Document.getElementsByName, Document.getElementsByTagName, Document.getElementsByTagNameNS, Document.referrer, Document.write, Document.writeln, DOMRect.height, DOMRect.width, DOMRect.x, DOMRect.y, DOMRectReadOnly.bottom, DOMRectReadOnly.height, DOMRectReadOnly.left, DOMRectReadOnly.right, DOMRectReadOnly.toJSON, DOMRectReadOnly.top, DOMRectReadOnly.width, DOMRectReadOnly.x, DOMRectReadOnly.y, Element.append, Element.getBoundingClientRect, Element.getClientRects, Element.insertAdjacentElement, Element.insertAdjacentHTML, Element.insertAdjacentText, Element.prepend, Element.replaceWith, Element.setAttribute, FontFace.family, FontFace.load, FontFace.status, HTMLCanvasElement.captureStream, HTMLCanvasElement.getContext, HTMLCanvasElement.height, HTMLCanvasElement.mozOpaque, HTMLCanvasElement.mozPrintCallback, HTMLCanvasElement.toBlob, HTMLCanvasElement.toDataURL, HTMLCanvasElement.transferControlToOffscreen, HTMLCanvasElement.width, HTMLElement.offsetHeight, HTMLElement.offsetWidth, HTMLIFrameElement.contentDocument, HTMLIFrameElement.contentWindow, IntersectionObserverEntry.boundingClientRect, IntersectionObserverEntry.intersectionRect, IntersectionObserverEntry.rootBounds, Math.acos, Math.acosh, Math.asinh, Math.atan, Math.atan2, Math.atanh, Math.cbrt, Math.cos, Math.cosh, Math.exp, Math.expm1, Math.log, Math.log10, Math.log1p, Math.sin, Math.sinh, Math.sqrt, Math.tan, Math.tanh, MediaDevices.enumerateDevices, MediaDevices.getDisplayMedia, MediaDevices.getUserMedia, Navigator.appCodeName, Navigator.appName, Navigator.appVersion, Navigator.buildID, Navigator.getGamepads, Navigator.hardwareConcurrency, Navigator.language, Navigator.languages, Navigator.maxTouchPoints, Navigator.mimeTypes, Navigator.oscpu, Navigator.platform, Navigator.plugins, Navigator.product, Navigator.productSub, Navigator.sendBeacon, Navigator.serviceWorker, Navigator.storage, Navigator.userAgent, Navigator.vendor, Navigator.vendorSub, Navigator.webdriver, Node.appendChild, Node.insertBefore, Node.replaceChild, OffscreenCanvas.convertToBlob, OffscreenCanvas.getContext, OffscreenCanvasRenderingContext2D.font, OffscreenCanvasRenderingContext2D.getImageData, OffscreenCanvasRenderingContext2D.getLineDash, OffscreenCanvasRenderingContext2D.isPointInPath, OffscreenCanvasRenderingContext2D.isPointInStroke, OffscreenCanvasRenderingContext2D.measureText, OffscreenCanvasRenderingContext2D.quadraticCurveTo, Permissions.query, Range.getBoundingClientRect, Range.getClientRects, RelativeTimeFormat.resolvedOptions, Screen.availHeight, Screen.availLeft, Screen.availTop, Screen.availWidth, Screen.colorDepth, Screen.height, Screen.left, Screen.mozLockOrientation, Screen.mozOrientation, Screen.mozUnlockOrientation, Screen.onmozorientationchange, Screen.orientation, Screen.pixelDepth, Screen.top, Screen.width, StorageManager.estimate, SVGRect.height, SVGRect.width, SVGRect.x, SVGRect.y, SVGTextContentElement.getComputedTextLength, SVGTextContentElement.getExtentOfChar, SVGTextContentElement.getSubStringLength, TextMetrics.actualBoundingBoxAscent, TextMetrics.actualBoundingBoxDescent, TextMetrics.actualBoundingBoxLeft, TextMetrics.actualBoundingBoxRight, TextMetrics.alphabeticBaseline, TextMetrics.emHeightAscent, TextMetrics.emHeightDescent, TextMetrics.fontBoundingBoxAscent, TextMetrics.fontBoundingBoxDescent, TextMetrics.hangingBaseline, TextMetrics.ideographicBaseline, TextMetrics.width, WebGLRenderingContext.bufferData, WebGLRenderingContext.getParameter, WebGLRenderingContext.readPixels, WebGL2RenderingContext.bufferData, WebGL2RenderingContext.getParameter, WebGL2RenderingContext.readPixels, AudioBuffer",True,1920,1080,1920x1080,24,False,1,0,8,"en-US, en (en-US)",0,unspecified,False,7,"DejaVu Sans, Liberation Mono, Noto Color Emoji, Noto Sans Canadian Aboriginal Regular, Noto Sans Gunjala Gondi Regular, Noto Sans Masaram Gondi Regular, Noto Serif Yezidi Regular",Central European Summer Time,"Europe, Warsaw",-120,dark,no-preference,Brak,srgb,35.749974353733705,4742,49.760361741877034,44,1,2026-04-13T12:54:45.612Z
Maks,Linux,Firefox,CanvasBlocker_14_04_2026,Maks_Linux_Firefox_CanvasBlocker_14_04_2026.json,50a2352505462132dc872a96082286f55e7d0aeb87fe007a77a04f2dd9c51ca0,0,F,280,3,0,0,20,6,Gecko,280 lie(s) detected | engine: Gecko | headless: 0 | stealth: 20,b537b3bed6a81957925c6db9d6c41228d66d71cbe618f94c9b6a7425e04c0e10,69176793a0654ce1b1cb80607c028eeb72bb41c1ccedc9bbaba0e2f05077dee9,139f13f8e9c7742529c64d48cd06b46cfe327de381c337b482ba92768a77b93c,1cce02d40da8edea3fabe50914462d9443a4a8ba4571cde660feff2c1472d189,6ccd233543d11bae9fef44d32b0e1a8478c53045ac645f7791e33a996ae53cb1,1d2bf94277ecb61632a47fc66352987e44a955453d59405525161f7d5221b581,471f67d368ac465b154945691992556652cef3000398826112e85b6a15f8fbdb,65ae0ec78337c7a98bd344663f03e4c1f93a3b47171c6382ed42dd8cf83a4767,,,Mozilla/5.0 (X11; Linux x86_64; rv:149.0) Gecko/20100101 Firefox/149.0,Linux x86_64,Linux,Gecko,"Intel(R) HD Graphics, or similar","Intel(R) HD Graphics, or similar",high,A,"Function.toString, AnalyserNode.fftSize, AnalyserNode.frequencyBinCount, AnalyserNode.getByteFrequencyData, AnalyserNode.getByteTimeDomainData, AnalyserNode.getFloatFrequencyData, AnalyserNode.getFloatTimeDomainData, AnalyserNode.maxDecibels, AnalyserNode.minDecibels, AnalyserNode.smoothingTimeConstant, AudioBuffer.copyFromChannel, AudioBuffer.getChannelData, BiquadFilterNode.getFrequencyResponse, CanvasRenderingContext2D.fillText, CanvasRenderingContext2D.font, CanvasRenderingContext2D.getImageData, CanvasRenderingContext2D.getLineDash, CanvasRenderingContext2D.isPointInPath, CanvasRenderingContext2D.isPointInStroke, CanvasRenderingContext2D.measureText, CanvasRenderingContext2D.quadraticCurveTo, CanvasRenderingContext2D.strokeText, CSSStyleDeclaration.setProperty, Date.getDate, Date.getDay, Date.getFullYear, Date.getHours, Date.getMinutes, Date.getMonth, Date.getTime, Date.getTimezoneOffset, Date.setDate, Date.setFullYear, Date.setHours, Date.setMilliseconds, Date.setMonth, Date.setSeconds, Date.setTime, Date.toDateString, Date.toJSON, Date.toLocaleDateString, Date.toLocaleString, Date.toLocaleTimeString, Date.toString, Date.toTimeString, Date.valueOf, DateTimeFormat.format, DateTimeFormat.formatRange, DateTimeFormat.formatToParts, DateTimeFormat.resolvedOptions, Document.createElement, Document.createElementNS, Document.getElementById, Document.getElementsByClassName, Document.getElementsByName, Document.getElementsByTagName, Document.getElementsByTagNameNS, Document.referrer, Document.write, Document.writeln, DOMRect.height, DOMRect.width, DOMRect.x, DOMRect.y, DOMRectReadOnly.bottom, DOMRectReadOnly.height, DOMRectReadOnly.left, DOMRectReadOnly.right, DOMRectReadOnly.toJSON, DOMRectReadOnly.top, DOMRectReadOnly.width, DOMRectReadOnly.x, DOMRectReadOnly.y, Element.append, Element.getBoundingClientRect, Element.getClientRects, Element.insertAdjacentElement, Element.insertAdjacentHTML, Element.insertAdjacentText, Element.prepend, Element.replaceWith, Element.setAttribute, FontFace.family, FontFace.load, FontFace.status, HTMLCanvasElement.captureStream, HTMLCanvasElement.getContext, HTMLCanvasElement.height, HTMLCanvasElement.mozOpaque, HTMLCanvasElement.mozPrintCallback, HTMLCanvasElement.toBlob, HTMLCanvasElement.toDataURL, HTMLCanvasElement.transferControlToOffscreen, HTMLCanvasElement.width, HTMLElement.offsetHeight, HTMLElement.offsetWidth, HTMLIFrameElement.contentDocument, HTMLIFrameElement.contentWindow, IntersectionObserverEntry.boundingClientRect, IntersectionObserverEntry.intersectionRect, IntersectionObserverEntry.rootBounds, Math.acos, Math.acosh, Math.asinh, Math.atan, Math.atan2, Math.atanh, Math.cbrt, Math.cos, Math.cosh, Math.exp, Math.expm1, Math.log, Math.log10, Math.log1p, Math.sin, Math.sinh, Math.sqrt, Math.tan, Math.tanh, MediaDevices.enumerateDevices, MediaDevices.getDisplayMedia, MediaDevices.getUserMedia, Navigator.appCodeName, Navigator.appName, Navigator.appVersion, Navigator.buildID, Navigator.getGamepads, Navigator.hardwareConcurrency, Navigator.language, Navigator.languages, Navigator.maxTouchPoints, Navigator.mimeTypes, Navigator.oscpu, Navigator.platform, Navigator.plugins, Navigator.product, Navigator.productSub, Navigator.sendBeacon, Navigator.serviceWorker, Navigator.storage, Navigator.userAgent, Navigator.vendor, Navigator.vendorSub, Navigator.webdriver, Node.appendChild, Node.insertBefore, Node.replaceChild, OffscreenCanvas.convertToBlob, OffscreenCanvas.getContext, OffscreenCanvasRenderingContext2D.font, OffscreenCanvasRenderingContext2D.getImageData, OffscreenCanvasRenderingContext2D.getLineDash, OffscreenCanvasRenderingContext2D.isPointInPath, OffscreenCanvasRenderingContext2D.isPointInStroke, OffscreenCanvasRenderingContext2D.measureText, OffscreenCanvasRenderingContext2D.quadraticCurveTo, Permissions.query, Range.getBoundingClientRect, Range.getClientRects, RelativeTimeFormat.resolvedOptions, Screen.availHeight, Screen.availLeft, Screen.availTop, Screen.availWidth, Screen.colorDepth, Screen.height, Screen.left, Screen.mozLockOrientation, Screen.mozOrientation, Screen.mozUnlockOrientation, Screen.onmozorientationchange, Screen.orientation, Screen.pixelDepth, Screen.top, Screen.width, StorageManager.estimate, SVGRect.height, SVGRect.width, SVGRect.x, SVGRect.y, SVGTextContentElement.getComputedTextLength, SVGTextContentElement.getExtentOfChar, SVGTextContentElement.getSubStringLength, TextMetrics.actualBoundingBoxAscent, TextMetrics.actualBoundingBoxDescent, TextMetrics.actualBoundingBoxLeft, TextMetrics.actualBoundingBoxRight, TextMetrics.alphabeticBaseline, TextMetrics.emHeightAscent, TextMetrics.emHeightDescent, TextMetrics.fontBoundingBoxAscent, TextMetrics.fontBoundingBoxDescent, TextMetrics.hangingBaseline, TextMetrics.ideographicBaseline, TextMetrics.width, WebGLRenderingContext.bufferData, WebGLRenderingContext.getParameter, WebGLRenderingContext.readPixels, WebGL2RenderingContext.bufferData, WebGL2RenderingContext.getParameter, WebGL2RenderingContext.readPixels, AudioBuffer",True,1920,1080,1920x1080,24,False,1,0,8,"en-US, en (en-US)",0,unspecified,False,7,"DejaVu Sans, Liberation Mono, Noto Color Emoji, Noto Sans Canadian Aboriginal Regular, Noto Sans Gunjala Gondi Regular, Noto Sans Masaram Gondi Regular, Noto Serif Yezidi Regular",Central European Summer Time,"Europe, Warsaw",-120,dark,no-preference,Brak,srgb,35.74997465312481,4742,47.57393606517792,44,1,2026-04-14T06:09:53.049Z
Maks,Linux,Firefox,Czyste_08_04_2026,Maks_Linux_Firefox_Czyste_08_04_2026.json,f1920e6c0ef14d295c233571da449ec74ab339533160ec4a05ad66c62eca47fa,0,F,12,2,0,0,0,6,Gecko,12 lie(s) detected | engine: Gecko | headless: 0 | stealth: 0,28ecefa0dac668a77ba9926f529f0e4b4976bd1a02308792cb0220559405479e,5de84cc660d1cf945e3c3feef1aa2d5a1be444c524e40db1e6c7453a9df0afbf,17546399fdb9d152ab87e7b9175d8bcf7441e6380de8b4ec71c988da8d632087,1cce02d40da8edea3fabe50914462d9443a4a8ba4571cde660feff2c1472d189,e50462b6f43a19c7784a9e4c547e8719329fca16e5d3a7bc56273d1bc1989b23,5ccbceb608522b5b5f702ca3ff96bb2a755ca5b9b939d8e6e1f0fef5df2b6506,471f67d368ac465b154945691992556652cef3000398826112e85b6a15f8fbdb,b8d9b0d85e62c437e8d0cdafd7d1dfff91713f084432282fdef396ccfe923cae,Brak,Brak,Mozilla/5.0 (X11; Linux x86_64; rv:149.0) Gecko/20100101 Firefox/149.0,Linux x86_64,Linux,Gecko,"Intel(R) HD Graphics, or similar","Intel(R) HD Graphics, or similar",high,A,"Document.createElement, Document.write",False,1920,1080,1920x1080,24,False,False,0,12,"en-US, en (en-US)",0,unspecified,False,7,"DejaVu Sans, Liberation Mono, Noto Color Emoji, Noto Sans Canadian Aboriginal Regular, Noto Sans Gunjala Gondi Regular, Noto Sans Masaram Gondi Regular, Noto Serif Yezidi Regular",Central European Summer Time,"Europe, Warsaw",-120,dark,no-preference,1920 x 1080,srgb,35.749972093850374,4736,0.0,44,False,2026-04-08T19:15:30.496Z
Maks,Linux,Firefox,Czyste_11_04_2026,Maks_Linux_Firefox_Czyste_11_04_2026.json,f1920e6c0ef14d295c233571da449ec74ab339533160ec4a05ad66c62eca47fa,0,F,215,2,0,0,20,6,Gecko,215 lie(s) detected | engine: Gecko | headless: 0 | stealth: 20,4a3384c87dee571515e2fa26563e626d47886e0b37acabf91748c6ba892b3957,5de84cc660d1cf945e3c3feef1aa2d5a1be444c524e40db1e6c7453a9df0afbf,17546399fdb9d152ab87e7b9175d8bcf7441e6380de8b4ec71c988da8d632087,1cce02d40da8edea3fabe50914462d9443a4a8ba4571cde660feff2c1472d189,e50462b6f43a19c7784a9e4c547e8719329fca16e5d3a7bc56273d1bc1989b23,5ccbceb608522b5b5f702ca3ff96bb2a755ca5b9b939d8e6e1f0fef5df2b6506,471f67d368ac465b154945691992556652cef3000398826112e85b6a15f8fbdb,b8d9b0d85e62c437e8d0cdafd7d1dfff91713f084432282fdef396ccfe923cae,,,Mozilla/5.0 (X11; Linux x86_64; rv:149.0) Gecko/20100101 Firefox/149.0,Linux x86_64,Linux,Gecko,"Intel(R) HD Graphics, or similar","Intel(R) HD Graphics, or similar",high,A,"Function.toString, AnalyserNode.fftSize, AnalyserNode.frequencyBinCount, AnalyserNode.getByteFrequencyData, AnalyserNode.getByteTimeDomainData, AnalyserNode.getFloatFrequencyData, AnalyserNode.getFloatTimeDomainData, AnalyserNode.maxDecibels, AnalyserNode.minDecibels, AnalyserNode.smoothingTimeConstant, AudioBuffer.copyFromChannel, AudioBuffer.getChannelData, BiquadFilterNode.getFrequencyResponse, CanvasRenderingContext2D.fillText, CanvasRenderingContext2D.font, CanvasRenderingContext2D.getImageData, CanvasRenderingContext2D.getLineDash, CanvasRenderingContext2D.isPointInPath, CanvasRenderingContext2D.isPointInStroke, CanvasRenderingContext2D.measureText, CanvasRenderingContext2D.quadraticCurveTo, CanvasRenderingContext2D.strokeText, CSSStyleDeclaration.setProperty, Date.getDate, Date.getDay, Date.getFullYear, Date.getHours, Date.getMinutes, Date.getMonth, Date.getTime, Date.getTimezoneOffset, Date.setDate, Date.setFullYear, Date.setHours, Date.setMilliseconds, Date.setMonth, Date.setSeconds, Date.setTime, Date.toDateString, Date.toJSON, Date.toLocaleDateString, Date.toLocaleString, Date.toLocaleTimeString, Date.toString, Date.toTimeString, Date.valueOf, DateTimeFormat.format, DateTimeFormat.formatRange, DateTimeFormat.formatToParts, DateTimeFormat.resolvedOptions, Document.createElement, Document.createElementNS, Document.getElementById, Document.getElementsByClassName, Document.getElementsByName, Document.getElementsByTagName, Document.getElementsByTagNameNS, Document.referrer, Document.write, Document.writeln, DOMRect.height, DOMRect.width, DOMRect.x, DOMRect.y, DOMRectReadOnly.bottom, DOMRectReadOnly.height, DOMRectReadOnly.left, DOMRectReadOnly.right, DOMRectReadOnly.toJSON, DOMRectReadOnly.top, DOMRectReadOnly.width, DOMRectReadOnly.x, DOMRectReadOnly.y, Element.append, Element.getBoundingClientRect, Element.getClientRects, Element.insertAdjacentElement, Element.insertAdjacentHTML, Element.insertAdjacentText, Element.prepend, Element.replaceWith, Element.setAttribute, FontFace.family, FontFace.load, FontFace.status, HTMLCanvasElement.captureStream, HTMLCanvasElement.getContext, HTMLCanvasElement.height, HTMLCanvasElement.mozOpaque, HTMLCanvasElement.mozPrintCallback, HTMLCanvasElement.toBlob, HTMLCanvasElement.toDataURL, HTMLCanvasElement.transferControlToOffscreen, HTMLCanvasElement.width, HTMLElement.offsetHeight, HTMLElement.offsetWidth, HTMLIFrameElement.contentDocument, HTMLIFrameElement.contentWindow, IntersectionObserverEntry.boundingClientRect, IntersectionObserverEntry.intersectionRect, IntersectionObserverEntry.rootBounds, Math.acos, Math.acosh, Math.asinh, Math.atan, Math.atan2, Math.atanh, Math.cbrt, Math.cos, Math.cosh, Math.exp, Math.expm1, Math.log, Math.log10, Math.log1p, Math.sin, Math.sinh, Math.sqrt, Math.tan, Math.tanh, MediaDevices.enumerateDevices, MediaDevices.getDisplayMedia, MediaDevices.getUserMedia, Navigator.appCodeName, Navigator.appName, Navigator.appVersion, Navigator.buildID, Navigator.getGamepads, Navigator.hardwareConcurrency, Navigator.language, Navigator.languages, Navigator.maxTouchPoints, Navigator.mimeTypes, Navigator.oscpu, Navigator.platform, Navigator.plugins, Navigator.product, Navigator.productSub, Navigator.sendBeacon, Navigator.serviceWorker, Navigator.storage, Navigator.userAgent, Navigator.vendor, Navigator.vendorSub, Navigator.webdriver, Node.appendChild, Node.insertBefore, Node.replaceChild, OffscreenCanvas.convertToBlob, OffscreenCanvas.getContext, OffscreenCanvasRenderingContext2D.font, OffscreenCanvasRenderingContext2D.getImageData, OffscreenCanvasRenderingContext2D.getLineDash, OffscreenCanvasRenderingContext2D.isPointInPath, OffscreenCanvasRenderingContext2D.isPointInStroke, OffscreenCanvasRenderingContext2D.measureText, OffscreenCanvasRenderingContext2D.quadraticCurveTo, Permissions.query, Range.getBoundingClientRect, Range.getClientRects, RelativeTimeFormat.resolvedOptions, Screen.availHeight, Screen.availLeft, Screen.availTop, Screen.availWidth, Screen.colorDepth, Screen.height, Screen.left, Screen.mozLockOrientation, Screen.mozOrientation, Screen.mozUnlockOrientation, Screen.onmozorientationchange, Screen.orientation, Screen.pixelDepth, Screen.top, Screen.width, StorageManager.estimate, SVGRect.height, SVGRect.width, SVGRect.x, SVGRect.y, SVGTextContentElement.getComputedTextLength, SVGTextContentElement.getExtentOfChar, SVGTextContentElement.getSubStringLength, TextMetrics.actualBoundingBoxAscent, TextMetrics.actualBoundingBoxDescent, TextMetrics.actualBoundingBoxLeft, TextMetrics.actualBoundingBoxRight, TextMetrics.alphabeticBaseline, TextMetrics.emHeightAscent, TextMetrics.emHeightDescent, TextMetrics.fontBoundingBoxAscent, TextMetrics.fontBoundingBoxDescent, TextMetrics.hangingBaseline, TextMetrics.ideographicBaseline, TextMetrics.width, WebGLRenderingContext.bufferData, WebGLRenderingContext.getParameter, WebGLRenderingContext.readPixels, WebGL2RenderingContext.bufferData, WebGL2RenderingContext.getParameter, WebGL2RenderingContext.readPixels",False,1920,1080,1920x1080,24,False,False,0,12,"en-US, en (en-US)",0,unspecified,False,7,"DejaVu Sans, Liberation Mono, Noto Color Emoji, Noto Sans Canadian Aboriginal Regular, Noto Sans Gunjala Gondi Regular, Noto Sans Masaram Gondi Regular, Noto Serif Yezidi Regular",Central European Summer Time,"Europe, Warsaw",-120,dark,no-preference,1920 x 1080,srgb,35.749972093850374,4736,0.0,44,False,2026-04-11T04:16:31.777Z
Maks,Linux,Firefox,Czyste_13_04_2026,Maks_Linux_Firefox_Czyste_13_04_2026.json,f1920e6c0ef14d295c233571da449ec74ab339533160ec4a05ad66c62eca47fa,89,B,0,2,0,0,0,6,Gecko,0 lie(s) detected | engine: Gecko | headless: 0 | stealth: 0,28ecefa0dac668a77ba9926f529f0e4b4976bd1a02308792cb0220559405479e,1ad6732d660d25c8eba9f3c13dc2a45951236d36b697eca65dc8e6b11fa0bfaa,17546399fdb9d152ab87e7b9175d8bcf7441e6380de8b4ec71c988da8d632087,1cce02d40da8edea3fabe50914462d9443a4a8ba4571cde660feff2c1472d189,e50462b6f43a19c7784a9e4c547e8719329fca16e5d3a7bc56273d1bc1989b23,5ccbceb608522b5b5f702ca3ff96bb2a755ca5b9b939d8e6e1f0fef5df2b6506,471f67d368ac465b154945691992556652cef3000398826112e85b6a15f8fbdb,b8d9b0d85e62c437e8d0cdafd7d1dfff91713f084432282fdef396ccfe923cae,,,Mozilla/5.0 (X11; Linux x86_64; rv:149.0) Gecko/20100101 Firefox/149.0,Linux x86_64,Linux,Gecko,"Intel(R) HD Graphics, or similar","Intel(R) HD Graphics, or similar",high,A,Brak,False,1920,1080,1920x1080,24,False,False,0,12,"en-US, en (en-US)",0,unspecified,False,7,"DejaVu Sans, Liberation Mono, Noto Color Emoji, Noto Sans Canadian Aboriginal Regular, Noto Sans Gunjala Gondi Regular, Noto Sans Masaram Gondi Regular, Noto Serif Yezidi Regular",Central European Summer Time,"Europe, Warsaw",-120,dark,no-preference,1920 x 1080,srgb,35.749972093850374,4736,0.0,44,False,2026-04-13T12:54:35.155Z
Maks,Linux,Firefox,Czyste_14_04_2026,Maks_Linux_Firefox_Czyste_14_04_2026.json,f1920e6c0ef14d295c233571da449ec74ab339533160ec4a05ad66c62eca47fa,89,B,0,2,0,0,0,6,Gecko,0 lie(s) detected | engine: Gecko | headless: 0 | stealth: 0,28ecefa0dac668a77ba9926f529f0e4b4976bd1a02308792cb0220559405479e,1ad6732d660d25c8eba9f3c13dc2a45951236d36b697eca65dc8e6b11fa0bfaa,17546399fdb9d152ab87e7b9175d8bcf7441e6380de8b4ec71c988da8d632087,1cce02d40da8edea3fabe50914462d9443a4a8ba4571cde660feff2c1472d189,e50462b6f43a19c7784a9e4c547e8719329fca16e5d3a7bc56273d1bc1989b23,5ccbceb608522b5b5f702ca3ff96bb2a755ca5b9b939d8e6e1f0fef5df2b6506,471f67d368ac465b154945691992556652cef3000398826112e85b6a15f8fbdb,b8d9b0d85e62c437e8d0cdafd7d1dfff91713f084432282fdef396ccfe923cae,,,Mozilla/5.0 (X11; Linux x86_64; rv:149.0) Gecko/20100101 Firefox/149.0,Linux x86_64,Linux,Gecko,"Intel(R) HD Graphics, or similar","Intel(R) HD Graphics, or similar",high,A,Brak,False,1920,1080,1920x1080,24,False,False,0,12,"en-US, en (en-US)",0,unspecified,False,7,"DejaVu Sans, Liberation Mono, Noto Color Emoji, Noto Sans Canadian Aboriginal Regular, Noto Sans Gunjala Gondi Regular, Noto Sans Masaram Gondi Regular, Noto Serif Yezidi Regular",Central European Summer Time,"Europe, Warsaw",-120,dark,no-preference,1920 x 1080,srgb,35.749972093850374,4736,0.0,44,False,2026-04-14T06:09:42.616Z
Maks,Linux,Firefox,Strict_08_04_2026,Maks_Linux_Firefox_Strict_08_04_2026.json,fbbfcf6d149f1233c914821d5b3b5c20420cfbe9b2c78aefda38470d24056dd0,0,F,13,3,0,0,0,19,Gecko,13 lie(s) detected | engine: Gecko | headless: 0 | stealth: 0,ff41d264eec813d7f5be4474f6d22d1ce884eeabce23daa1149d03da9fb5667a,4a6a495b3722cc46b39cc4c393d92a7bc1253e17607e41e70139f7c36c5b4b92,17546399fdb9d152ab87e7b9175d8bcf7441e6380de8b4ec71c988da8d632087,1cce02d40da8edea3fabe50914462d9443a4a8ba4571cde660feff2c1472d189,0f8719c84734a03828fad635a14b32cdfd7734e4773f17f7a3ebcde9554a78fb,057f43dfa980acd728f525974850ccd217f3c5d3a2ef651e51984233c4ff30ef,6a8690b1324fecdb203110e815523432c64b4c021d5c7e73b2ff2f94e5174073,ed02514b97b0ecd4433a3b965d5ce2bbf87e0577fc1580d01ff694117b2f7b35,Brak,Brak,Mozilla/5.0 (X11; Linux x86_64; rv:149.0) Gecko/20100101 Firefox/149.0,Linux x86_64,Linux,Gecko,Mozilla,Mozilla,low,F,"Document.createElement, Document.write, CanvasRenderingContext2D.getImageData",False,1400,900,1400x900,24,False,False,0,4,"en-US, en (en-US)",0,unspecified,False,7,"DejaVu Sans, Liberation Mono, Noto Color Emoji, Noto Sans Canadian Aboriginal Regular, Noto Sans Gunjala Gondi Regular, Noto Sans Masaram Gondi Regular, Noto Serif Yezidi Regular",Greenwich Mean Time,"Atlantic, Reykjavik",0,light,no-preference,Brak,srgb,35.749972093850374,4736,0.0,42,False,2026-04-08T19:18:27.074Z
Maks,Linux,Firefox,Strict_11_04_2026,Maks_Linux_Firefox_Strict_11_04_2026.json,fbbfcf6d149f1233c914821d5b3b5c20420cfbe9b2c78aefda38470d24056dd0,0,F,216,3,0,0,20,19,Gecko,216 lie(s) detected | engine: Gecko | headless: 0 | stealth: 20,89963cfa1f18943005595281fcc4c829517d19119d0df6acaac44eb65e07f287,250a157d7ad9b5d8aa0713fb768291a7189cc191aa59ede396a275a7bb0409e6,17546399fdb9d152ab87e7b9175d8bcf7441e6380de8b4ec71c988da8d632087,1cce02d40da8edea3fabe50914462d9443a4a8ba4571cde660feff2c1472d189,0f8719c84734a03828fad635a14b32cdfd7734e4773f17f7a3ebcde9554a78fb,0f54df494fa8886316e740c8b8b5680c68453b7fb07b6354329d5e66f1361608,6a8690b1324fecdb203110e815523432c64b4c021d5c7e73b2ff2f94e5174073,ed02514b97b0ecd4433a3b965d5ce2bbf87e0577fc1580d01ff694117b2f7b35,,,Mozilla/5.0 (X11; Linux x86_64; rv:149.0) Gecko/20100101 Firefox/149.0,Linux x86_64,Linux,Gecko,Mozilla,Mozilla,low,F,"Function.toString, AnalyserNode.fftSize, AnalyserNode.frequencyBinCount, AnalyserNode.getByteFrequencyData, AnalyserNode.getByteTimeDomainData, AnalyserNode.getFloatFrequencyData, AnalyserNode.getFloatTimeDomainData, AnalyserNode.maxDecibels, AnalyserNode.minDecibels, AnalyserNode.smoothingTimeConstant, AudioBuffer.copyFromChannel, AudioBuffer.getChannelData, BiquadFilterNode.getFrequencyResponse, CanvasRenderingContext2D.fillText, CanvasRenderingContext2D.font, CanvasRenderingContext2D.getImageData, CanvasRenderingContext2D.getLineDash, CanvasRenderingContext2D.isPointInPath, CanvasRenderingContext2D.isPointInStroke, CanvasRenderingContext2D.measureText, CanvasRenderingContext2D.quadraticCurveTo, CanvasRenderingContext2D.strokeText, CSSStyleDeclaration.setProperty, Date.getDate, Date.getDay, Date.getFullYear, Date.getHours, Date.getMinutes, Date.getMonth, Date.getTime, Date.getTimezoneOffset, Date.setDate, Date.setFullYear, Date.setHours, Date.setMilliseconds, Date.setMonth, Date.setSeconds, Date.setTime, Date.toDateString, Date.toJSON, Date.toLocaleDateString, Date.toLocaleString, Date.toLocaleTimeString, Date.toString, Date.toTimeString, Date.valueOf, DateTimeFormat.format, DateTimeFormat.formatRange, DateTimeFormat.formatToParts, DateTimeFormat.resolvedOptions, Document.createElement, Document.createElementNS, Document.getElementById, Document.getElementsByClassName, Document.getElementsByName, Document.getElementsByTagName, Document.getElementsByTagNameNS, Document.referrer, Document.write, Document.writeln, DOMRect.height, DOMRect.width, DOMRect.x, DOMRect.y, DOMRectReadOnly.bottom, DOMRectReadOnly.height, DOMRectReadOnly.left, DOMRectReadOnly.right, DOMRectReadOnly.toJSON, DOMRectReadOnly.top, DOMRectReadOnly.width, DOMRectReadOnly.x, DOMRectReadOnly.y, Element.append, Element.getBoundingClientRect, Element.getClientRects, Element.insertAdjacentElement, Element.insertAdjacentHTML, Element.insertAdjacentText, Element.prepend, Element.replaceWith, Element.setAttribute, FontFace.family, FontFace.load, FontFace.status, HTMLCanvasElement.captureStream, HTMLCanvasElement.getContext, HTMLCanvasElement.height, HTMLCanvasElement.mozOpaque, HTMLCanvasElement.mozPrintCallback, HTMLCanvasElement.toBlob, HTMLCanvasElement.toDataURL, HTMLCanvasElement.transferControlToOffscreen, HTMLCanvasElement.width, HTMLElement.offsetHeight, HTMLElement.offsetWidth, HTMLIFrameElement.contentDocument, HTMLIFrameElement.contentWindow, IntersectionObserverEntry.boundingClientRect, IntersectionObserverEntry.intersectionRect, IntersectionObserverEntry.rootBounds, Math.acos, Math.acosh, Math.asinh, Math.atan, Math.atan2, Math.atanh, Math.cbrt, Math.cos, Math.cosh, Math.exp, Math.expm1, Math.log, Math.log10, Math.log1p, Math.sin, Math.sinh, Math.sqrt, Math.tan, Math.tanh, MediaDevices.enumerateDevices, MediaDevices.getDisplayMedia, MediaDevices.getUserMedia, Navigator.appCodeName, Navigator.appName, Navigator.appVersion, Navigator.buildID, Navigator.getGamepads, Navigator.hardwareConcurrency, Navigator.language, Navigator.languages, Navigator.maxTouchPoints, Navigator.mimeTypes, Navigator.oscpu, Navigator.platform, Navigator.plugins, Navigator.product, Navigator.productSub, Navigator.sendBeacon, Navigator.serviceWorker, Navigator.storage, Navigator.userAgent, Navigator.vendor, Navigator.vendorSub, Navigator.webdriver, Node.appendChild, Node.insertBefore, Node.replaceChild, OffscreenCanvas.convertToBlob, OffscreenCanvas.getContext, OffscreenCanvasRenderingContext2D.font, OffscreenCanvasRenderingContext2D.getImageData, OffscreenCanvasRenderingContext2D.getLineDash, OffscreenCanvasRenderingContext2D.isPointInPath, OffscreenCanvasRenderingContext2D.isPointInStroke, OffscreenCanvasRenderingContext2D.measureText, OffscreenCanvasRenderingContext2D.quadraticCurveTo, Permissions.query, Range.getBoundingClientRect, Range.getClientRects, RelativeTimeFormat.resolvedOptions, Screen.availHeight, Screen.availLeft, Screen.availTop, Screen.availWidth, Screen.colorDepth, Screen.height, Screen.left, Screen.mozLockOrientation, Screen.mozOrientation, Screen.mozUnlockOrientation, Screen.onmozorientationchange, Screen.orientation, Screen.pixelDepth, Screen.top, Screen.width, StorageManager.estimate, SVGRect.height, SVGRect.width, SVGRect.x, SVGRect.y, SVGTextContentElement.getComputedTextLength, SVGTextContentElement.getExtentOfChar, SVGTextContentElement.getSubStringLength, TextMetrics.actualBoundingBoxAscent, TextMetrics.actualBoundingBoxDescent, TextMetrics.actualBoundingBoxLeft, TextMetrics.actualBoundingBoxRight, TextMetrics.alphabeticBaseline, TextMetrics.emHeightAscent, TextMetrics.emHeightDescent, TextMetrics.fontBoundingBoxAscent, TextMetrics.fontBoundingBoxDescent, TextMetrics.hangingBaseline, TextMetrics.ideographicBaseline, TextMetrics.width, WebGLRenderingContext.bufferData, WebGLRenderingContext.getParameter, WebGLRenderingContext.readPixels, WebGL2RenderingContext.bufferData, WebGL2RenderingContext.getParameter, WebGL2RenderingContext.readPixels",False,1864,945,1864x945,24,False,False,0,4,"en-US, en (en-US)",0,unspecified,False,7,"DejaVu Sans, Liberation Mono, Noto Color Emoji, Noto Sans Canadian Aboriginal Regular, Noto Sans Gunjala Gondi Regular, Noto Sans Masaram Gondi Regular, Noto Serif Yezidi Regular",Greenwich Mean Time,"Atlantic, Reykjavik",0,light,no-preference,Brak,srgb,35.749972093850374,4736,0.0,42,False,2026-04-11T04:17:45.644Z
Maks,Linux,Firefox,Strict_13_04_2026,Maks_Linux_Firefox_Strict_13_04_2026.json,f9946a646c42f79e4e5b0714b80997ddbf1e6fc9d86477068bebfdf4e3a21676,89,B,0,2,0,0,0,6,Gecko,0 lie(s) detected | engine: Gecko | headless: 0 | stealth: 0,a541c9ad89efd56d290e95713e8a7c868413a45664b18602bde48441c69c62bf,35b5585b0083cb9ed6575ca1eeec60701446623b59f8511b27d9f71c81fe7260,17546399fdb9d152ab87e7b9175d8bcf7441e6380de8b4ec71c988da8d632087,1cce02d40da8edea3fabe50914462d9443a4a8ba4571cde660feff2c1472d189,6ccd233543d11bae9fef44d32b0e1a8478c53045ac645f7791e33a996ae53cb1,5ccbceb608522b5b5f702ca3ff96bb2a755ca5b9b939d8e6e1f0fef5df2b6506,471f67d368ac465b154945691992556652cef3000398826112e85b6a15f8fbdb,65ae0ec78337c7a98bd344663f03e4c1f93a3b47171c6382ed42dd8cf83a4767,,,Mozilla/5.0 (X11; Linux x86_64; rv:149.0) Gecko/20100101 Firefox/149.0,Linux x86_64,Linux,Gecko,"Intel(R) HD Graphics, or similar","Intel(R) HD Graphics, or similar",high,A,Brak,False,1920,1080,1920x1080,24,False,False,0,8,"en-US, en (en-US)",0,unspecified,False,7,"DejaVu Sans, Liberation Mono, Noto Color Emoji, Noto Sans Canadian Aboriginal Regular, Noto Sans Gunjala Gondi Regular, Noto Sans Masaram Gondi Regular, Noto Serif Yezidi Regular",Central European Summer Time,"Europe, Warsaw",-120,dark,no-preference,1920 x 1080,srgb,35.749972093850374,4736,0.0,44,False,2026-04-13T12:54:40.242Z
Maks,Linux,Firefox,Strict_14_04_2026,Maks_Linux_Firefox_Strict_14_04_2026.json,9b3fb3eed8ab2ca2dd36a77d18f959203294a0f182c0f682206b9cd9b2fd2ca1,89,B,0,2,0,0,0,6,Gecko,0 lie(s) detected | engine: Gecko | headless: 0 | stealth: 0,dd9b05367fcdb7bce5988308808426e05038c68149c9decfb6df73365b991814,fe3f8ec56355f442852d3bc08b89b0d2b615078b4aabe8efe59415a30714db96,17546399fdb9d152ab87e7b9175d8bcf7441e6380de8b4ec71c988da8d632087,1cce02d40da8edea3fabe50914462d9443a4a8ba4571cde660feff2c1472d189,6ccd233543d11bae9fef44d32b0e1a8478c53045ac645f7791e33a996ae53cb1,5ccbceb608522b5b5f702ca3ff96bb2a755ca5b9b939d8e6e1f0fef5df2b6506,471f67d368ac465b154945691992556652cef3000398826112e85b6a15f8fbdb,65ae0ec78337c7a98bd344663f03e4c1f93a3b47171c6382ed42dd8cf83a4767,,,Mozilla/5.0 (X11; Linux x86_64; rv:149.0) Gecko/20100101 Firefox/149.0,Linux x86_64,Linux,Gecko,"Intel(R) HD Graphics, or similar","Intel(R) HD Graphics, or similar",high,A,Brak,False,1920,1080,1920x1080,24,False,False,0,8,"en-US, en (en-US)",0,unspecified,False,7,"DejaVu Sans, Liberation Mono, Noto Color Emoji, Noto Sans Canadian Aboriginal Regular, Noto Sans Gunjala Gondi Regular, Noto Sans Masaram Gondi Regular, Noto Serif Yezidi Regular",Central European Summer Time,"Europe, Warsaw",-120,dark,no-preference,1920 x 1080,srgb,35.749972093850374,4736,0.0,44,False,2026-04-14T06:09:47.683Z
Maks,Linux,Tor,Czyste_08_04_2026,Maks_Linux_Tor_Czyste_08_04_2026.json,59c41c540448099fa208675f2cf003d0f2eecbda919b759c379c004e391c92f4,72,C,1,3,0,0,0,19,Gecko,1 lie(s) detected | engine: Gecko | headless: 0 | stealth: 0,d5c002e10057a5ca9e55ae6c327f3091ce26d4dfde71d2d6f7f1c3c9cb196ffe,62d0f5ef625d430704ca5c1c504ee0ffc56445c64358b146a15978a8a91469f6,17546399fdb9d152ab87e7b9175d8bcf7441e6380de8b4ec71c988da8d632087,e4c40db5e92bd9f6e50a6e1fc2e9b586c30691dc92c4e3e2c8a035096fb3eb82,a7d96ad688699103dbd8ad6444d65dc48de34608f7be65a62ac5178c7dd027b1,9ad221ce473c0c12a8f8bb431a421918aefc11c37f705d16914983af7ce5eca7,6a8690b1324fecdb203110e815523432c64b4c021d5c7e73b2ff2f94e5174073,06810567dfcdefa14de7144e037e283bae47f7bb71fd609c1c0740d796cac1b7,Brak,Brak,Mozilla/5.0 (X11; Linux x86_64; rv:140.0) Gecko/20100101 Firefox/140.0,Linux x86_64,Linux,Gecko,Mozilla,Mozilla,low,F,CanvasRenderingContext2D.getImageData,False,1800,900,1800x900,24,False,False,0,4,"en-US, en (en-US)",0,unspecified,False,0,Brak,Greenwich Mean Time,"Atlantic, Reykjavik",0,light,no-preference,Brak,srgb,35.749972093850374,4736,0.0,42,False,2026-04-08T19:08:48.246Z
Maks,Linux,Tor,Czyste_11_04_2026,Maks_Linux_Tor_Czyste_11_04_2026.json,59c41c540448099fa208675f2cf003d0f2eecbda919b759c379c004e391c92f4,72,C,1,3,0,0,0,19,Gecko,1 lie(s) detected | engine: Gecko | headless: 0 | stealth: 0,929e956cc66906e0102ed359606927aecffc0b1325d8c3cf7f2833d3ae8de7f5,eeca4a866a391085fa7becc0602f49cf61e6c5af1ff9b817a5401c2232a4d433,17546399fdb9d152ab87e7b9175d8bcf7441e6380de8b4ec71c988da8d632087,e4c40db5e92bd9f6e50a6e1fc2e9b586c30691dc92c4e3e2c8a035096fb3eb82,a7d96ad688699103dbd8ad6444d65dc48de34608f7be65a62ac5178c7dd027b1,057f43dfa980acd728f525974850ccd217f3c5d3a2ef651e51984233c4ff30ef,6a8690b1324fecdb203110e815523432c64b4c021d5c7e73b2ff2f94e5174073,06810567dfcdefa14de7144e037e283bae47f7bb71fd609c1c0740d796cac1b7,,,Mozilla/5.0 (X11; Linux x86_64; rv:140.0) Gecko/20100101 Firefox/140.0,Linux x86_64,Linux,Gecko,Mozilla,Mozilla,low,F,CanvasRenderingContext2D.getImageData,False,1400,900,1400x900,24,False,False,0,4,"en-US, en (en-US)",0,unspecified,False,0,Brak,Greenwich Mean Time,"Atlantic, Reykjavik",0,light,no-preference,Brak,srgb,35.749972093850374,4736,0.0,42,False,2026-04-11T04:21:29.782Z
Maks,Linux,Tor,Czyste_13_04_2026,Maks_Linux_Tor_Czyste_13_04_2026.json,9347567618db4793c7e8adcb2868f2043ca6a289c7bf617135e359f45fdb6677,72,C,1,3,0,0,0,19,Gecko,1 lie(s) detected | engine: Gecko | headless: 0 | stealth: 0,5b7615793feeb8b7eda4feda65566ce7fa39cb6a1fe706f55dc38d29a85a505c,595395cafab2b926954f75b1e99a6ee803b32a78a5e352cca1241db99122b3f3,17546399fdb9d152ab87e7b9175d8bcf7441e6380de8b4ec71c988da8d632087,e4c40db5e92bd9f6e50a6e1fc2e9b586c30691dc92c4e3e2c8a035096fb3eb82,a7d96ad688699103dbd8ad6444d65dc48de34608f7be65a62ac5178c7dd027b1,057f43dfa980acd728f525974850ccd217f3c5d3a2ef651e51984233c4ff30ef,6a8690b1324fecdb203110e815523432c64b4c021d5c7e73b2ff2f94e5174073,06810567dfcdefa14de7144e037e283bae47f7bb71fd609c1c0740d796cac1b7,,,Mozilla/5.0 (X11; Linux x86_64; rv:140.0) Gecko/20100101 Firefox/140.0,Linux x86_64,Linux,Gecko,Mozilla,Mozilla,low,F,CanvasRenderingContext2D.getImageData,False,1400,900,1400x900,24,False,False,0,4,"en-US, en (en-US)",0,unspecified,False,0,Brak,Greenwich Mean Time,"Atlantic, Reykjavik",0,light,no-preference,Brak,srgb,35.749972093850374,4736,0.0,42,False,2026-04-13T12:54:54.654Z
Maks,Linux,Tor,Czyste_14_04_2026,Maks_Linux_Tor_Czyste_14_04_2026.json,9347567618db4793c7e8adcb2868f2043ca6a289c7bf617135e359f45fdb6677,72,C,1,3,0,0,0,19,Gecko,1 lie(s) detected | engine: Gecko | headless: 0 | stealth: 0,bcd7a47ee8d70a0a310784cd1919ae5e5e7968b6b21b0114a93e8bf304802bbe,2d13429b93d58244323cfb4c95d96ed9ae78be3c45d96d69209729ac909e7d3c,17546399fdb9d152ab87e7b9175d8bcf7441e6380de8b4ec71c988da8d632087,e4c40db5e92bd9f6e50a6e1fc2e9b586c30691dc92c4e3e2c8a035096fb3eb82,a7d96ad688699103dbd8ad6444d65dc48de34608f7be65a62ac5178c7dd027b1,9ad221ce473c0c12a8f8bb431a421918aefc11c37f705d16914983af7ce5eca7,6a8690b1324fecdb203110e815523432c64b4c021d5c7e73b2ff2f94e5174073,06810567dfcdefa14de7144e037e283bae47f7bb71fd609c1c0740d796cac1b7,,,Mozilla/5.0 (X11; Linux x86_64; rv:140.0) Gecko/20100101 Firefox/140.0,Linux x86_64,Linux,Gecko,Mozilla,Mozilla,low,F,CanvasRenderingContext2D.getImageData,False,1800,900,1800x900,24,False,False,0,4,"en-US, en (en-US)",0,unspecified,False,0,Brak,Greenwich Mean Time,"Atlantic, Reykjavik",0,light,no-preference,Brak,srgb,35.749972093850374,4736,0.0,42,False,2026-04-14T06:10:02.079Z
Maks,Linux,Tor,Strict_08_04_2026,Maks_Linux_Tor_Strict_08_04_2026.json,59c41c540448099fa208675f2cf003d0f2eecbda919b759c379c004e391c92f4,0,F,41,1,0,0,0,19,Gecko,41 lie(s) detected | engine: Gecko | headless: 0 | stealth: 0,dd2b208c931cf187dbfd36d8634245bc7da12bc11386f1c9dabfc5f44bef5c75,,17546399fdb9d152ab87e7b9175d8bcf7441e6380de8b4ec71c988da8d632087,e4c40db5e92bd9f6e50a6e1fc2e9b586c30691dc92c4e3e2c8a035096fb3eb82,a7d96ad688699103dbd8ad6444d65dc48de34608f7be65a62ac5178c7dd027b1,9ad221ce473c0c12a8f8bb431a421918aefc11c37f705d16914983af7ce5eca7,6a8690b1324fecdb203110e815523432c64b4c021d5c7e73b2ff2f94e5174073,06810567dfcdefa14de7144e037e283bae47f7bb71fd609c1c0740d796cac1b7,Brak,Brak,Mozilla/5.0 (X11; Linux x86_64; rv:140.0) Gecko/20100101 Firefox/140.0,Linux x86_64,Linux,Gecko,Mozilla,Mozilla,low,F,"Document.write, Document.writeln, Element.append, Element.insertAdjacentElement, Element.insertAdjacentHTML, Element.prepend, Element.replaceWith, HTMLCanvasElement.getContext, HTMLIFrameElement.contentDocument, HTMLIFrameElement.contentWindow, Node.appendChild, Node.insertBefore, Node.replaceChild, OffscreenCanvas.getContext, CanvasRenderingContext2D.getImageData",False,1800,900,1800x900,24,False,False,0,4,"en-US, en (en-US)",0,unspecified,False,0,Brak,Greenwich Mean Time,"Atlantic, Reykjavik",0,light,no-preference,Brak,srgb,35.749972093850374,4736,0.0,0,False,2026-04-08T19:12:13.267Z
Maks,Linux,Tor,Strict_11_04_2026,Maks_Linux_Tor_Strict_11_04_2026.json,59c41c540448099fa208675f2cf003d0f2eecbda919b759c379c004e391c92f4,0,F,41,1,0,0,0,19,Gecko,41 lie(s) detected | engine: Gecko | headless: 0 | stealth: 0,3127854e24fd8e8787b93a487acd4aac4fc7d6cfeac1ad4112a66718c8e2d91a,,17546399fdb9d152ab87e7b9175d8bcf7441e6380de8b4ec71c988da8d632087,e4c40db5e92bd9f6e50a6e1fc2e9b586c30691dc92c4e3e2c8a035096fb3eb82,a7d96ad688699103dbd8ad6444d65dc48de34608f7be65a62ac5178c7dd027b1,9ad221ce473c0c12a8f8bb431a421918aefc11c37f705d16914983af7ce5eca7,6a8690b1324fecdb203110e815523432c64b4c021d5c7e73b2ff2f94e5174073,06810567dfcdefa14de7144e037e283bae47f7bb71fd609c1c0740d796cac1b7,,,Mozilla/5.0 (X11; Linux x86_64; rv:140.0) Gecko/20100101 Firefox/140.0,Linux x86_64,Linux,Gecko,Mozilla,Mozilla,low,F,"Document.write, Document.writeln, Element.append, Element.insertAdjacentElement, Element.insertAdjacentHTML, Element.prepend, Element.replaceWith, HTMLCanvasElement.getContext, HTMLIFrameElement.contentDocument, HTMLIFrameElement.contentWindow, Node.appendChild, Node.insertBefore, Node.replaceChild, OffscreenCanvas.getContext, CanvasRenderingContext2D.getImageData",False,1800,900,1800x900,24,False,False,0,4,"en-US, en (en-US)",0,unspecified,False,0,Brak,Greenwich Mean Time,"Atlantic, Reykjavik",0,light,no-preference,Brak,srgb,35.749972093850374,4736,0.0,0,False,2026-04-11T04:20:15.113Z
Maks,Linux,Tor,Strict_13_04_2026,Maks_Linux_Tor_Strict_13_04_2026.json,9347567618db4793c7e8adcb2868f2043ca6a289c7bf617135e359f45fdb6677,0,F,41,1,0,0,0,19,Gecko,41 lie(s) detected | engine: Gecko | headless: 0 | stealth: 0,c82276e3492f108b2368219bb5f557025cb61ff23b61d87d42b4c226b45fa590,,17546399fdb9d152ab87e7b9175d8bcf7441e6380de8b4ec71c988da8d632087,e4c40db5e92bd9f6e50a6e1fc2e9b586c30691dc92c4e3e2c8a035096fb3eb82,a7d96ad688699103dbd8ad6444d65dc48de34608f7be65a62ac5178c7dd027b1,057f43dfa980acd728f525974850ccd217f3c5d3a2ef651e51984233c4ff30ef,6a8690b1324fecdb203110e815523432c64b4c021d5c7e73b2ff2f94e5174073,06810567dfcdefa14de7144e037e283bae47f7bb71fd609c1c0740d796cac1b7,,,Mozilla/5.0 (X11; Linux x86_64; rv:140.0) Gecko/20100101 Firefox/140.0,Linux x86_64,Linux,Gecko,Mozilla,Mozilla,low,F,"Document.write, Document.writeln, Element.append, Element.insertAdjacentElement, Element.insertAdjacentHTML, Element.prepend, Element.replaceWith, HTMLCanvasElement.getContext, HTMLIFrameElement.contentDocument, HTMLIFrameElement.contentWindow, Node.appendChild, Node.insertBefore, Node.replaceChild, OffscreenCanvas.getContext, CanvasRenderingContext2D.getImageData",False,1400,900,1400x900,24,False,False,0,4,"en-US, en (en-US)",0,unspecified,False,0,Brak,Greenwich Mean Time,"Atlantic, Reykjavik",0,light,no-preference,Brak,srgb,35.749972093850374,4736,0.0,0,False,2026-04-13T12:55:07.987Z
Maks,Linux,Tor,Strict_14_04_2026,Maks_Linux_Tor_Strict_14_04_2026.json,9347567618db4793c7e8adcb2868f2043ca6a289c7bf617135e359f45fdb6677,0,F,41,1,0,0,0,19,Gecko,41 lie(s) detected | engine: Gecko | headless: 0 | stealth: 0,0e10dce3a27ec5ab5e97b9e25a03918c0a0cfbdfb4e6d9a545c1b7784d80d49f,,17546399fdb9d152ab87e7b9175d8bcf7441e6380de8b4ec71c988da8d632087,e4c40db5e92bd9f6e50a6e1fc2e9b586c30691dc92c4e3e2c8a035096fb3eb82,a7d96ad688699103dbd8ad6444d65dc48de34608f7be65a62ac5178c7dd027b1,057f43dfa980acd728f525974850ccd217f3c5d3a2ef651e51984233c4ff30ef,6a8690b1324fecdb203110e815523432c64b4c021d5c7e73b2ff2f94e5174073,06810567dfcdefa14de7144e037e283bae47f7bb71fd609c1c0740d796cac1b7,,,Mozilla/5.0 (X11; Linux x86_64; rv:140.0) Gecko/20100101 Firefox/140.0,Linux x86_64,Linux,Gecko,Mozilla,Mozilla,low,F,"Document.write, Document.writeln, Element.append, Element.insertAdjacentElement, Element.insertAdjacentHTML, Element.prepend, Element.replaceWith, HTMLCanvasElement.getContext, HTMLIFrameElement.contentDocument, HTMLIFrameElement.contentWindow, Node.appendChild, Node.insertBefore, Node.replaceChild, OffscreenCanvas.getContext, CanvasRenderingContext2D.getImageData",False,1400,900,1400x900,24,False,False,0,4,"en-US, en (en-US)",0,unspecified,False,0,Brak,Greenwich Mean Time,"Atlantic, Reykjavik",0,light,no-preference,Brak,srgb,35.749972093850374,4736,0.0,0,False,2026-04-14T06:10:15.413Z
Piotr,MacOS,Chrome,Czyste,Piotr_MacOS_Chrome_Czyste.json,e9c5f092c54b033e41ce4323de509765132c32205668484fe1c51b2bd1a75756,84,B,0,2,0,0,0,31,Blink,0 lie(s) detected | engine: Blink | headless: 0 | stealth: 0,e0cf9499832605137b7a387051036d213b80f40b70af0dc9cf07aa09105f565b,bf52e242dcd1071d869ddbcb0e67698e032cec081eff72ea4fff480062a48538,7ecaca8b205e312244fcdf557cfe725287cf6a71b3ee14451f1061105fde669f,2d7a3d140597da9e21ee3d8c5b219427ae8b42f5556f34d4fe4fab7552321087,d213adff3c94c1369522c91df3b9c88b2ee0e24bac632ebeb10acd6769cc727a,1794104c807652541bafd7653959c0d1675a3cc5532ead73202bdab640e7656c,3968d3fced8017a097784fe14b56e303eefd68adcb352b2497695331bcb3a203,1956129ca66a78eae4e31f40d0bf211a593a7016feef6214254e24cf4689d268,,,"Mozilla/5.0 (Macintosh; Intel Mac OS X 10_15_7) AppleWebKit/537.36 (KHTML, like Gecko) Chrome/146.0.0.0 Safari/537.36",MacIntel,Mac,Blink,"ANGLE (Apple, ANGLE Metal Renderer: Apple M2, Unspecified Version)","Apple, ANGLE Metal Renderer: Apple M2, Unspecified Version)",high,A,Brak,False,1470,956,1470x956,30,False,False,8,8,"pl-PL, pl, en-US, en (pl-PL)",0,,False,18,"""American Typewriter Semibold"", ""Apple SD Gothic Neo ExtraBold"", ""Futura Bold"", ""Helvetica Neue"", ""InaiMathi Bold"", ""Kohinoor Devanagari Medium"", ""MuktaMahee Regular"", ""Noto Sans Canadian Aboriginal Regular"", ""Noto Sans Gunjala Gondi Regular"", ""Noto Sans Masaram Gondi Regular"", ""Noto Serif Yezidi Regular"", ""PingFang HK Light"", ""STIX Two Math Regular"", ""STIX Two Text Regular"", ""SignPainter-HouseScript Semibold"", Galvji, Geneva, Luminari",czas środkowoeuropejski letni,"Europe, Warsaw",-120,light,no-preference,1470 x 956,p3,124.04348155876505,4735,0.0,75,False,2026-04-13T13:25:31.373Z
Piotr,MacOS,Orion,Browser_Czyste,Piotr_MacOS_Orion_Browser_Czyste.json,b6cb5e4414b16ba2a3dab0a9f56803aaf9312c98ba05ae817500bf8cd06611f7,99,A,0,0,0,0,0,6,unknown,0 lie(s) detected | engine: unknown | headless: 0 | stealth: 0,5395486b89a7285ca544b3aff41336b00833ade13dd030f7cd314878dcffa5ce,498862c7aff614ee9e219519a75e616353955ff92e767510ec7b07f465fdc1c5,51d5d1b97af03a344d5e518d5f2decaceefb7b89b22a829248acfbd36c3bf902,a6f1e63068ab1a4f48271d84349e01f78f0fbb56db41e1117b1cccf398804855,431b70286dae62f280c3df4fadf35879b002c928f49fef3e52e78888eb20323d,659e275454d2056de1969857c6b74e6c321f0ab8365bed3b975c4ecc7d496b58,471f67d368ac465b154945691992556652cef3000398826112e85b6a15f8fbdb,b5401f28953a7e16361f401d698e0d42349a83bd3d04ba2455cce72f495dd2c3,,,"Mozilla/5.0 (Macintosh; Intel Mac OS X 10_15_7) AppleWebKit/605.1.15 (KHTML, like Gecko) Version/26.0 Safari/605.1.15",MacIntel,Mac,,Apple GPU,Apple GPU,high,A,Brak,False,1470,956,1470x956,24,False,False,0,8,en-US (en-US),0,,False,18,"American Typewriter Semibold, Apple SD Gothic Neo ExtraBold, Futura Bold, Galvji, Geneva, Helvetica Neue, InaiMathi Bold, Kohinoor Devanagari Medium, Luminari, MuktaMahee Regular, Noto Sans Canadian Aboriginal Regular, Noto Sans Gunjala Gondi Regular, Noto Sans Masaram Gondi Regular, Noto Serif Yezidi Regular, PingFang HK Light, STIX Two Math Regular, STIX Two Text Regular, SignPainter-HouseScript Semibold",Central European Summer Time,"Europe, Warsaw",-120,light,no-preference,1470 x 956,p3,124.04346622781304,4735,0.0,75,False,2026-04-13T13:31:04.244Z
Piotr,MacOS,Safari,1Blocker,Piotr_MacOS_Safari_1Blocker.json,ab0d6e5175b211e9dc72aa3bfe60e08b0cee86135da78e7d8a15acc260d7d601,99,A,0,0,0,0,0,6,unknown,0 lie(s) detected | engine: unknown | headless: 0 | stealth: 0,5395486b89a7285ca544b3aff41336b00833ade13dd030f7cd314878dcffa5ce,498862c7aff614ee9e219519a75e616353955ff92e767510ec7b07f465fdc1c5,51d5d1b97af03a344d5e518d5f2decaceefb7b89b22a829248acfbd36c3bf902,f1de6e10ed3f1eecd889af0d54f31542e758e6f343f12d52ba9310cb7417e293,1de54e24ccc27971bc1f08eccf7a6b64e08edd9746ebe3b09c195fae7556656e,659e275454d2056de1969857c6b74e6c321f0ab8365bed3b975c4ecc7d496b58,3968d3fced8017a097784fe14b56e303eefd68adcb352b2497695331bcb3a203,213073b7ad84280b382c4c5d659ef9b00cc4e612a1e0301a541370db92373829,,,"Mozilla/5.0 (Macintosh; Intel Mac OS X 10_15_7) AppleWebKit/605.1.15 (KHTML, like Gecko) Version/26.3.1 Safari/605.1.15",MacIntel,Mac,,Apple GPU,Apple GPU,high,A,Brak,False,1470,956,1470x956,24,False,False,0,8,pl-PL (pl-PL),0,,False,18,"American Typewriter Semibold, Apple SD Gothic Neo ExtraBold, Futura Bold, Galvji, Geneva, Helvetica Neue, InaiMathi Bold, Kohinoor Devanagari Medium, Luminari, MuktaMahee Regular, Noto Sans Canadian Aboriginal Regular, Noto Sans Gunjala Gondi Regular, Noto Sans Masaram Gondi Regular, Noto Serif Yezidi Regular, PingFang HK Light, STIX Two Math Regular, STIX Two Text Regular, SignPainter-HouseScript Semibold",czas środkowoeuropejski letni,"Europe, Warsaw",-120,light,no-preference,1470 x 956,p3,124.04346622781304,4735,0.0,75,False,2026-04-13T13:24:54.215Z
Piotr,MacOS,Safari,Czysta,Piotr_MacOS_Safari_Czysta.json,ab0d6e5175b211e9dc72aa3bfe60e08b0cee86135da78e7d8a15acc260d7d601,99,A,0,0,0,0,0,6,unknown,0 lie(s) detected | engine: unknown | headless: 0 | stealth: 0,5395486b89a7285ca544b3aff41336b00833ade13dd030f7cd314878dcffa5ce,498862c7aff614ee9e219519a75e616353955ff92e767510ec7b07f465fdc1c5,51d5d1b97af03a344d5e518d5f2decaceefb7b89b22a829248acfbd36c3bf902,f1de6e10ed3f1eecd889af0d54f31542e758e6f343f12d52ba9310cb7417e293,1de54e24ccc27971bc1f08eccf7a6b64e08edd9746ebe3b09c195fae7556656e,659e275454d2056de1969857c6b74e6c321f0ab8365bed3b975c4ecc7d496b58,3968d3fced8017a097784fe14b56e303eefd68adcb352b2497695331bcb3a203,213073b7ad84280b382c4c5d659ef9b00cc4e612a1e0301a541370db92373829,,,"Mozilla/5.0 (Macintosh; Intel Mac OS X 10_15_7) AppleWebKit/605.1.15 (KHTML, like Gecko) Version/26.3.1 Safari/605.1.15",MacIntel,Mac,,Apple GPU,Apple GPU,high,A,Brak,False,1470,956,1470x956,24,False,False,0,8,pl-PL (pl-PL),0,,False,18,"American Typewriter Semibold, Apple SD Gothic Neo ExtraBold, Futura Bold, Galvji, Geneva, Helvetica Neue, InaiMathi Bold, Kohinoor Devanagari Medium, Luminari, MuktaMahee Regular, Noto Sans Canadian Aboriginal Regular, Noto Sans Gunjala Gondi Regular, Noto Sans Masaram Gondi Regular, Noto Serif Yezidi Regular, PingFang HK Light, STIX Two Math Regular, STIX Two Text Regular, SignPainter-HouseScript Semibold",czas środkowoeuropejski letni,"Europe, Warsaw",-120,light,no-preference,1470 x 956,p3,124.04346622781304,4735,0.0,75,False,2026-04-13T13:07:19.336Z
Piotr,MacOS,Safari,ITP_Prywatny,Piotr_MacOS_Safari_ITP_Prywatny.json,7d4bb8a3ade34582eaa185be23b14120e41278f4c2df5397cf9c85ac628fddc1,82,B,1,1,0,0,0,19,unknown,1 lie(s) detected | engine: unknown | headless: 0 | stealth: 0,e8c53cc88b0600ae2c4add69dbb0c4b98208b1213ee52c8903e32b5740be1bb3,498862c7aff614ee9e219519a75e616353955ff92e767510ec7b07f465fdc1c5,3cde431213139738b89cd3144ea10f1ee9cb4291b389b869d8decf4a4123f6e4,f1de6e10ed3f1eecd889af0d54f31542e758e6f343f12d52ba9310cb7417e293,1de54e24ccc27971bc1f08eccf7a6b64e08edd9746ebe3b09c195fae7556656e,915b0629ba1b2151863218ae56de98b355f7203ba5609ba9aff22a8ce97f2b8f,3968d3fced8017a097784fe14b56e303eefd68adcb352b2497695331bcb3a203,213073b7ad84280b382c4c5d659ef9b00cc4e612a1e0301a541370db92373829,,,"Mozilla/5.0 (Macintosh; Intel Mac OS X 10_15_7) AppleWebKit/605.1.15 (KHTML, like Gecko) Version/26.3.1 Safari/605.1.15",MacIntel,Mac,,Apple GPU,Apple GPU,high,A,CanvasRenderingContext2D.getImageData,False,1249,784,1249x784,24,False,False,0,8,pl-PL (pl-PL),0,,False,18,"American Typewriter Semibold, Apple SD Gothic Neo ExtraBold, Futura Bold, Galvji, Geneva, Helvetica Neue, InaiMathi Bold, Kohinoor Devanagari Medium, Luminari, MuktaMahee Regular, Noto Sans Canadian Aboriginal Regular, Noto Sans Gunjala Gondi Regular, Noto Sans Masaram Gondi Regular, Noto Serif Yezidi Regular, PingFang HK Light, STIX Two Math Regular, STIX Two Text Regular, SignPainter-HouseScript Semibold",czas środkowoeuropejski letni,"Europe, Warsaw",-120,light,no-preference,Brak,p3,124.10948701014422,4734,0.0,75,False,2026-04-13T13:15:06.082Z
